,Year,Month,Day,xFRF_m,yFRF_m,d10_mm,d25_mm,d50_mm,d75_mm,d90_mm,gridname,GrainCategory
0,2019,10,23,60,960,0.178825,0.21375,0.2565125,0.304667307692308,0.353317647058824,../data/AeolisGrids/ML_grids/20191023.txt,1.0
1,2019,10,23,63,960,0.14738,0.193518181818182,0.28195,0.361614285714286,0.4343,../data/AeolisGrids/ML_grids/20191023.txt,1.0
2,2019,10,23,66,960,0.179092857142857,0.2399,0.303988888888889,0.3689,0.4351,../data/AeolisGrids/ML_grids/20191023.txt,1.0
3,2019,10,23,69,960,0.263260714285714,0.3054,0.357083333333333,0.416362068965517,0.479046875,../data/AeolisGrids/ML_grids/20191023.txt,1.0
4,2019,10,23,72,960,0.14011,0.180164285714286,0.238269565217391,0.29905,0.358365384615385,../data/AeolisGrids/ML_grids/20191023.txt,1.0
5,2019,10,23,75,960,0.1979,0.241873684210526,0.308765217391304,0.38552619047619,0.457178571428571,../data/AeolisGrids/ML_grids/20191023.txt,1.0
6,2019,10,23,78,960,0.1986,0.235032608695652,0.288105555555556,0.357321428571429,0.433366666666667,../data/AeolisGrids/ML_grids/20191023.txt,1.0
7,2019,10,23,81,960,0.214875,0.261642105263158,0.335034090909091,0.430333333333333,0.54293,../data/AeolisGrids/ML_grids/20191023.txt,1.0
8,2019,10,23,84,960,0.224961111111111,0.294621428571429,0.402064285714286,0.524268421052632,0.63465,../data/AeolisGrids/ML_grids/20191023.txt,1.0
9,2019,10,23,87,960,0.2,0.246083333333333,0.31755,0.397422916666667,0.470428571428572,../data/AeolisGrids/ML_grids/20191023.txt,1.0
10,2019,10,30,60,960,0.204563636363636,0.246804545454545,0.299261666666667,0.36035,0.426667857142857,../data/AeolisGrids/ML_grids/20191030.txt,1.0
11,2019,10,30,63,960,0.157783333333333,0.216204545454545,0.298768181818182,0.379697368421053,0.461272727272727,../data/AeolisGrids/ML_grids/20191030.txt,1.0
12,2019,10,30,66,960,0.20766875,0.258447727272727,0.31483064516129,0.376146153846154,0.440364285714286,../data/AeolisGrids/ML_grids/20191030.txt,1.0
13,2019,10,30,69,960,0.201026923076923,0.241685714285714,0.297212962962963,0.366118181818182,0.444809090909091,../data/AeolisGrids/ML_grids/20191030.txt,1.0
14,2019,10,30,72,960,0.2060375,0.247257142857143,0.305164814814815,0.37675,0.4543125,../data/AeolisGrids/ML_grids/20191030.txt,1.0
15,2019,10,30,75,960,0.186775,0.22285,0.269839655172414,0.328072727272727,0.389765384615385,../data/AeolisGrids/ML_grids/20191030.txt,1.0
16,2019,10,30,78,960,0.213345454545455,0.256236363636364,0.315272222222222,0.385458695652174,0.459576923076923,../data/AeolisGrids/ML_grids/20191030.txt,1.0
17,2019,10,30,81,960,0.220221428571429,0.261517391304348,0.319153448275862,0.389710869565217,0.469277272727273,../data/AeolisGrids/ML_grids/20191030.txt,1.0
18,2019,10,30,84,960,0.21675,0.2628325,0.329114,0.410665,0.503590909090909,../data/AeolisGrids/ML_grids/20191030.txt,1.0
19,2019,10,30,87,960,0.220019230769231,0.262163636363636,0.322821428571429,0.396695454545455,0.479218181818182,../data/AeolisGrids/ML_grids/20191030.txt,1.0
20,2019,10,30,90,960,0.204595833333333,0.244254545454545,0.300410714285714,0.36635,0.4364,../data/AeolisGrids/ML_grids/20191030.txt,1.0
21,2019,11,07,60,960,0.224275,0.27438,0.335796551724138,0.40873125,0.491566666666667,../data/AeolisGrids/ML_grids/20191107.txt,1.0
22,2019,11,07,63,960,0.205944285714286,0.271429411764706,0.343630769230769,0.424139285714286,0.514643636363636,../data/AeolisGrids/ML_grids/20191107.txt,1.0
23,2019,11,07,66,960,0.2328625,0.28125,0.338759375,0.402565384615385,0.469725,../data/AeolisGrids/ML_grids/20191107.txt,1.0
24,2019,11,07,69,960,0.222083333333333,0.266571739130435,0.323843103448276,0.39188125,0.4721875,../data/AeolisGrids/ML_grids/20191107.txt,1.0
25,2019,11,07,72,960,0.214854545454545,0.260600595238095,0.32769375,0.415604605263158,0.514381,../data/AeolisGrids/ML_grids/20191107.txt,1.0
26,2019,11,07,75,960,0.203533333333333,0.244718181818182,0.300931481481482,0.3682625,0.439246153846154,../data/AeolisGrids/ML_grids/20191107.txt,1.0
27,2019,11,07,78,960,0.218957692307692,0.263904545454546,0.325505555555556,0.399434782608696,0.48135,../data/AeolisGrids/ML_grids/20191107.txt,1.0
28,2019,11,07,81,960,0.20495,0.244718181818182,0.302957692307692,0.37955,0.469177777777778,../data/AeolisGrids/ML_grids/20191107.txt,1.0
29,2019,11,07,84,960,0.19895,0.237617391304348,0.2898,0.354464285714286,0.428058333333333,../data/AeolisGrids/ML_grids/20191107.txt,1.0
30,2019,11,07,87,960,0.189066666666667,0.225534782608696,0.274339285714286,0.335521739130435,0.4033875,../data/AeolisGrids/ML_grids/20191107.txt,1.0
31,2019,11,07,90,960,0.179336363636364,0.216,0.263448148148148,0.323395454545455,0.389765384615385,../data/AeolisGrids/ML_grids/20191107.txt,1.0
32,2019,11,07,93,960,0.193278571428571,0.23152619047619,0.293735714285714,0.397671428571429,0.53835,../data/AeolisGrids/ML_grids/20191107.txt,1.0
33,2019,11,14,60,960,0.2534,0.323361111111111,0.420135714285714,0.572484615384616,0.76335,../data/AeolisGrids/ML_grids/20191114.txt,1.0
34,2019,11,14,63,960,0.2394,0.296439473684211,0.375114583333333,0.482335294117647,0.6319,../data/AeolisGrids/ML_grids/20191114.txt,1.0
35,2019,11,14,66,960,0.1923,0.241705555555556,0.304384,0.38135,0.473862,../data/AeolisGrids/ML_grids/20191114.txt,1.0
36,2019,11,14,69,960,0.212761111111111,0.266761111111111,0.337508,0.421821428571429,0.514416666666667,../data/AeolisGrids/ML_grids/20191114.txt,1.0
37,2019,11,14,72,960,0.19568,0.238081818181818,0.291377586206897,0.3540625,0.41845,../data/AeolisGrids/ML_grids/20191114.txt,1.0
38,2019,11,14,75,960,0.217840909090909,0.261668181818182,0.321472222222222,0.393263043478261,0.468588461538462,../data/AeolisGrids/ML_grids/20191114.txt,1.0
39,2019,11,14,78,960,0.197792307692308,0.233638,0.27948125,0.334124,0.391153571428571,../data/AeolisGrids/ML_grids/20191114.txt,1.0
40,2019,11,14,81,960,0.201610714285714,0.237816666666667,0.2898,0.360875,0.438922727272727,../data/AeolisGrids/ML_grids/20191114.txt,1.0
41,2019,11,14,84,960,0.220373076923077,0.26365,0.320943333333333,0.383268518518519,0.445033333333333,../data/AeolisGrids/ML_grids/20191114.txt,1.0
42,2019,11,14,87,960,0.2145,0.259686363636364,0.319153448275862,0.382903846153846,0.44565,../data/AeolisGrids/ML_grids/20191114.txt,1.0
43,2019,11,21,60,960,0.1986,0.25334,0.313215517241379,0.37675,0.4401,../data/AeolisGrids/ML_grids/20191121.txt,1.0
44,2019,11,21,63,960,,,,,,../data/AeolisGrids/ML_grids/20191121.txt,1.0
45,2019,11,21,66,960,0.200233333333333,0.250528571428571,0.307933928571429,0.370535416666667,0.4364,../data/AeolisGrids/ML_grids/20191121.txt,1.0
46,2019,11,21,69,960,0.1999125,0.248825,0.302330833333333,0.361320833333333,0.420515,../data/AeolisGrids/ML_grids/20191121.txt,1.0
47,2019,11,21,72,960,0.1904,0.243205263157895,0.301771428571429,0.365534,0.42925,../data/AeolisGrids/ML_grids/20191121.txt,1.0
48,2019,11,21,75,960,0.182871428571429,0.213578846153846,0.254541935483871,0.305146,0.358571428571429,../data/AeolisGrids/ML_grids/20191121.txt,1.0
49,2019,11,21,78,960,0.1746375,0.19986,0.230957692307692,0.266625,0.303532352941177,../data/AeolisGrids/ML_grids/20191121.txt,1.0
50,2019,11,21,81,960,0.17205,0.19818,0.229838461538462,0.26589,0.303636111111111,../data/AeolisGrids/ML_grids/20191121.txt,1.0
51,2019,11,21,84,960,0.1872,0.22101,0.263484848484849,0.313880769230769,0.36584,../data/AeolisGrids/ML_grids/20191121.txt,1.0
52,2019,11,21,87,960,0.202661538461538,0.24,0.286044117647059,0.335106451612903,0.380985294117647,../data/AeolisGrids/ML_grids/20191121.txt,1.0
53,2019,11,21,90,960,0.215795454545455,0.26589,0.331894444444444,0.4041,0.480834615384615,../data/AeolisGrids/ML_grids/20191121.txt,1.0
54,2019,11,21,93,960,0.23356375,0.304341666666667,0.405525,0.5373,0.695884,../data/AeolisGrids/ML_grids/20191121.txt,3.0
55,2019,12,12,60,960,0.210041666666667,0.253781818181818,0.31515,0.39457,0.48676,../data/AeolisGrids/ML_grids/20191212.txt,1.0
56,2019,12,12,63,960,0.193145454545455,0.23306875,0.281125,0.336217307692308,0.391813333333333,../data/AeolisGrids/ML_grids/20191212.txt,1.0
57,2019,12,12,66,960,0.243675,0.289678,0.344070588235294,0.403783333333333,0.465456666666667,../data/AeolisGrids/ML_grids/20191212.txt,0.0
58,2019,12,12,69,960,0.181284615384615,0.213038,0.252332352941177,0.2975,0.34235,../data/AeolisGrids/ML_grids/20191212.txt,1.0
59,2019,12,12,72,960,0.168094444444444,0.203533333333333,0.24255,0.285301724137931,0.3287,../data/AeolisGrids/ML_grids/20191212.txt,1.0
60,2019,12,12,75,960,0.145094444444444,0.1807,0.21825,0.25708275862069,0.2955625,../data/AeolisGrids/ML_grids/20191212.txt,1.0
61,2019,12,12,78,960,0.142733333333333,0.185647058823529,0.231965,0.275594444444445,0.317285294117647,../data/AeolisGrids/ML_grids/20191212.txt,1.0
62,2019,12,12,81,960,0.161138888888889,0.202052272727273,0.244471875,0.289235185185185,0.334353125,../data/AeolisGrids/ML_grids/20191212.txt,1.0
63,2019,12,12,84,960,0.1807,0.2139375,0.257677419354839,0.30798,0.360178571428571,../data/AeolisGrids/ML_grids/20191212.txt,1.0
64,2019,12,12,87,960,0.195238461538462,0.23348125,0.280222727272727,0.32893,0.373261111111111,../data/AeolisGrids/ML_grids/20191212.txt,1.0
65,2019,12,20,60,960,0.168872222222222,0.21197,0.259835,0.310361538461538,0.35975,../data/AeolisGrids/ML_grids/20191220.txt,1.0
66,2019,12,20,63,960,0.19322,0.234925,0.283846774193548,0.338677777777778,0.393456666666667,../data/AeolisGrids/ML_grids/20191220.txt,1.0
67,2019,12,20,66,960,0.143738888888889,0.192673333333333,0.247122222222222,0.299579166666667,0.35081,../data/AeolisGrids/ML_grids/20191220.txt,1.0
68,2019,12,20,69,960,0.140672727272727,0.180971428571429,0.248004761904762,0.31625,0.379826923076923,../data/AeolisGrids/ML_grids/20191220.txt,1.0
69,2019,12,20,72,960,0.14831,0.187941176470588,0.2399,0.298768181818182,0.35326,../data/AeolisGrids/ML_grids/20191220.txt,1.0
70,2019,12,20,75,960,0.122819230769231,0.147154545454545,0.18298,0.224915217391304,0.26645,../data/AeolisGrids/ML_grids/20191220.txt,1.0
71,2019,12,20,78,960,0.157219230769231,0.185511111111111,0.21825,0.2537,0.289261764705882,../data/AeolisGrids/ML_grids/20191220.txt,1.0
72,2019,12,20,81,960,0.17181,0.19905,0.232710526315789,0.26944,0.305779411764706,../data/AeolisGrids/ML_grids/20191220.txt,1.0
73,2019,12,20,84,960,0.1777,0.209039,0.248257142857143,0.290918333333333,0.331133157894737,../data/AeolisGrids/ML_grids/20191220.txt,1.0
74,2020,01,03,60,960,0.190333333333333,0.227705434782609,0.27615,0.338696428571429,0.42258,../data/AeolisGrids/ML_grids/20200103.txt,1.0
75,2020,01,03,63,960,0.17205,0.215775,0.26421,0.316419230769231,0.3689,../data/AeolisGrids/ML_grids/20200103.txt,1.0
76,2020,01,03,66,960,0.1618,0.206781578947368,0.254367741935484,0.304911538461538,0.35425,../data/AeolisGrids/ML_grids/20200103.txt,1.0
77,2020,01,03,69,960,0.177485714285714,0.207527777777778,0.2451,0.288626923076923,0.33303125,../data/AeolisGrids/ML_grids/20200103.txt,1.0
78,2020,01,03,72,960,0.18023125,0.215625,0.265412962962963,0.328151136363636,0.391444642857143,../data/AeolisGrids/ML_grids/20200103.txt,1.0
79,2020,01,03,75,960,0.19568,0.242252941176471,0.311289130434783,0.39436125,0.475655,../data/AeolisGrids/ML_grids/20200103.txt,1.0
80,2020,01,03,78,960,0.193083333333333,0.239066666666667,0.304870833333333,0.38115,0.47590625,../data/AeolisGrids/ML_grids/20200103.txt,1.0
81,2020,01,03,81,960,0.190581818181818,0.236025,0.305986363636364,0.394755555555556,0.491254545454545,../data/AeolisGrids/ML_grids/20200103.txt,1.0
82,2020,01,03,84,960,0.188763636363636,0.234779411764706,0.303191304347826,0.37576875,0.443007142857143,../data/AeolisGrids/ML_grids/20200103.txt,1.0
83,2020,01,03,87,960,0.166733333333333,0.2024,0.263944736842105,0.35875,0.47590625,../data/AeolisGrids/ML_grids/20200103.txt,1.0
84,2020,01,09,60,960,0.16231,0.19923,0.247296,0.311491666666667,0.394755555555556,../data/AeolisGrids/ML_grids/20200109.txt,1.0
85,2020,01,09,63,960,0.1751,0.22147,0.270537096774194,0.321364285714286,0.370993333333333,../data/AeolisGrids/ML_grids/20200109.txt,1.0
86,2020,01,09,66,960,0.15554375,0.199766666666667,0.24803,0.298096153846154,0.34787,../data/AeolisGrids/ML_grids/20200109.txt,1.0
87,2020,01,09,69,960,0.145433333333333,0.191828571428571,0.248723076923077,0.304870833333333,0.358571428571429,../data/AeolisGrids/ML_grids/20200109.txt,1.0
88,2020,01,09,72,960,0.13895,0.178590625,0.231674,0.285445652173913,0.33685,../data/AeolisGrids/ML_grids/20200109.txt,1.0
89,2020,01,09,75,960,0.14862,0.190047058823529,0.2441,0.302086956521739,0.3575,../data/AeolisGrids/ML_grids/20200109.txt,1.0
90,2020,01,09,78,960,0.173514285714286,0.203151923076923,0.2424,0.290166,0.341257142857143,../data/AeolisGrids/ML_grids/20200109.txt,1.0
91,2020,01,09,81,960,0.183118181818182,0.22385,0.288413636363636,0.373261111111111,0.459141666666667,../data/AeolisGrids/ML_grids/20200109.txt,1.0
92,2020,01,09,84,960,0.18412,0.226280555555556,0.296765789473684,0.398794117647059,0.499375,../data/AeolisGrids/ML_grids/20200109.txt,1.0
93,2020,01,09,87,960,0.1979,0.24015,0.306572727272727,0.397538888888889,0.50025,../data/AeolisGrids/ML_grids/20200109.txt,1.0
94,2020,01,09,90,960,0.25929,0.336145,0.453525,0.599140625,0.7762775,../data/AeolisGrids/ML_grids/20200109.txt,1.0
95,2020,01,09,93,960,0.232495,0.2890375,0.367146875,0.463529761904762,0.567882727272727,../data/AeolisGrids/ML_grids/20200109.txt,1.0
96,2020,01,09,96,960,0.216375,0.260677272727273,0.321724074074074,0.395683333333333,0.479218181818182,../data/AeolisGrids/ML_grids/20200109.txt,1.0
97,2020,01,09,99,960,0.25508,0.336430357142857,0.457525,0.59175,0.727246,../data/AeolisGrids/ML_grids/20200109.txt,1.0
98,2020,01,09,102,960,0.253290909090909,0.313934210526316,0.401621739130435,0.51192,0.61765,../data/AeolisGrids/ML_grids/20200109.txt,1.0
99,2020,01,15,60,960,0.188763636363636,0.233,0.304063157894737,0.408196875,0.52715,../data/AeolisGrids/ML_grids/20200115.txt,1.0
100,2020,01,15,63,960,0.183233333333333,0.226304545454545,0.272359090909091,0.31981,0.36465,../data/AeolisGrids/ML_grids/20200115.txt,1.0
101,2020,01,15,66,960,0.174894444444444,0.218688095238095,0.266901612903226,0.31796111111111103,0.367465625,../data/AeolisGrids/ML_grids/20200115.txt,1.0
102,2020,01,15,69,960,0.15993,0.204005555555556,0.253731034482759,0.30620625,0.359642857142857,../data/AeolisGrids/ML_grids/20200115.txt,1.0
103,2020,01,15,72,960,0.17205,0.214178571428571,0.260743333333333,0.31185,0.36176,../data/AeolisGrids/ML_grids/20200115.txt,1.0
104,2020,01,15,75,960,0.188116363636364,0.226921428571429,0.28075,0.354632352941176,0.4597075,../data/AeolisGrids/ML_grids/20200115.txt,1.0
105,2020,01,15,78,960,0.206288461538462,0.248257142857143,0.312675,0.395976315789474,0.485636363636364,../data/AeolisGrids/ML_grids/20200115.txt,1.0
106,2020,01,15,81,960,0.2341,0.283321428571429,0.357010869565217,0.459664705882353,0.572318181818182,../data/AeolisGrids/ML_grids/20200115.txt,1.0
107,2020,01,15,84,960,0.214714285714286,0.2555,0.319041304347826,0.416828125,0.533372222222222,../data/AeolisGrids/ML_grids/20200115.txt,1.0
108,2020,01,15,87,960,0.2169,0.265492105263158,0.345452631578947,0.476775961538462,0.65104,../data/AeolisGrids/ML_grids/20200115.txt,1.0
109,2020,01,15,90,960,0.237235,0.305515178571429,0.4176390625,0.5804875,0.76195,../data/AeolisGrids/ML_grids/20200115.txt,1.0
110,2020,01,22,60,960,0.188433333333333,0.227330113636364,0.277125,0.340810526315789,0.4517925,../data/AeolisGrids/ML_grids/20200122.txt,
111,2020,01,22,63,960,0.227125,0.276268181818182,0.335788709677419,0.406082608695652,0.485636363636364,../data/AeolisGrids/ML_grids/20200122.txt,
112,2020,01,22,66,960,0.25775,0.303934615384615,0.359044117647059,0.420586206896552,0.4847,../data/AeolisGrids/ML_grids/20200122.txt,
113,2020,01,22,69,960,0.205260714285714,0.241983333333333,0.288717741935484,0.344184615384615,0.401860714285714,../data/AeolisGrids/ML_grids/20200122.txt,
114,2020,01,22,72,960,0.175141111111111,0.21986,0.271572222222222,0.3360275,0.42782,../data/AeolisGrids/ML_grids/20200122.txt,
115,2020,01,22,75,960,0.186883333333333,0.231365131578947,0.28865625,0.371124166666667,0.5189375,../data/AeolisGrids/ML_grids/20200122.txt,
116,2020,01,22,78,960,0.13374,0.164691666666667,0.230671666666667,0.3394,0.830388333333333,../data/AeolisGrids/ML_grids/20200122.txt,
117,2020,01,22,81,960,0.139617,0.177809375,0.250315625,0.34878875,0.727705,../data/AeolisGrids/ML_grids/20200122.txt,
118,2020,01,22,84,960,0.214392857142857,0.2531375,0.310302,0.435894444444444,0.70441,../data/AeolisGrids/ML_grids/20200122.txt,
119,2020,01,22,87,960,0.220585384615385,0.259934090909091,0.32219,0.54293,1.02367,../data/AeolisGrids/ML_grids/20200122.txt,
120,2020,01,22,90,960,0.229092307692308,0.274407142857143,0.347135,0.58555,1.02796,../data/AeolisGrids/ML_grids/20200122.txt,
121,2020,01,31,63,960,0.228004166666667,0.274,0.327131818181818,0.386944230769231,0.453075,../data/AeolisGrids/ML_grids/20200131.txt,
122,2020,01,31,66,960,0.246876666666667,0.304417261904762,0.370292741935484,0.442892788461538,0.518811153846154,../data/AeolisGrids/ML_grids/20200131.txt,
123,2020,01,31,69,960,0.23245,0.278904545454545,0.33826,0.40467,0.47268,../data/AeolisGrids/ML_grids/20200131.txt,
124,2020,01,31,72,960,0.21411,0.269408333333333,0.3449,0.4357175,0.5500925,../data/AeolisGrids/ML_grids/20200131.txt,
125,2020,01,31,75,960,0.1590025,0.217431818181818,0.312792857142857,0.54751,1.22887,../data/AeolisGrids/ML_grids/20200131.txt,
126,2020,01,31,78,960,0.216818181818182,0.266061111111111,0.355390625,0.539651136363636,0.762683333333333,../data/AeolisGrids/ML_grids/20200131.txt,
127,2020,01,31,81,960,0.210463846153846,0.253475,0.32755,0.540803571428572,0.900978,../data/AeolisGrids/ML_grids/20200131.txt,
128,2020,01,31,84,960,0.227297727272727,0.2758925,0.346559782608696,0.483304166666667,0.839856249999999,../data/AeolisGrids/ML_grids/20200131.txt,
129,2020,01,31,87,960,0.24803,0.304844375,0.379010869565217,0.526845833333333,0.975415,../data/AeolisGrids/ML_grids/20200131.txt,
130,2020,01,31,90,960,0.207718181818182,0.24856,0.296795454545455,0.349441379310345,0.407826923076923,../data/AeolisGrids/ML_grids/20200131.txt,
131,2020,02,07,60,960,0.2161875,0.25525,0.299650675675676,0.348110775862069,0.400971666666667,../data/AeolisGrids/ML_grids/20200207.txt,1.0
132,2020,02,07,63,960,0.2143125,0.247317857142857,0.287904054054054,0.33497,0.38475,../data/AeolisGrids/ML_grids/20200207.txt,1.0
133,2020,02,07,66,960,0.210109090909091,0.254085714285714,0.312321428571429,0.381113636363636,0.4551,../data/AeolisGrids/ML_grids/20200207.txt,1.0
134,2020,02,07,69,960,0.160761111111111,0.205433333333333,0.25685,0.314145652173913,0.379659090909091,../data/AeolisGrids/ML_grids/20200207.txt,1.0
135,2020,02,07,72,960,0.138169230769231,0.17145,0.2346775,0.298486363636364,0.35375,../data/AeolisGrids/ML_grids/20200207.txt,1.0
136,2020,02,07,75,960,0.17695,0.212131818181818,0.26389347826087,0.360568181818182,0.54522,../data/AeolisGrids/ML_grids/20200207.txt,1.0
137,2020,02,07,78,960,0.184819090909091,0.227270138888889,0.292047368421053,0.424595833333333,0.7040425,../data/AeolisGrids/ML_grids/20200207.txt,1.0
138,2020,02,07,81,960,0.20843,0.255215789473684,0.329192857142857,0.433840625,0.563285,../data/AeolisGrids/ML_grids/20200207.txt,1.0
139,2020,02,07,84,960,0.221177272727273,0.27255,0.350409090909091,0.459094117647059,0.574615,../data/AeolisGrids/ML_grids/20200207.txt,1.0
140,2020,02,07,87,960,0.228922727272727,0.285083333333333,0.372618421052632,0.50764,0.65035,../data/AeolisGrids/ML_grids/20200207.txt,1.0
141,2020,02,13,60,960,0.192673333333333,0.237775,0.298554,0.37419875,0.471585555555556,../data/AeolisGrids/ML_grids/20200213.txt,1.0
142,2020,02,13,63,960,0.207626923076923,0.245375,0.298164285714286,0.372205263157895,0.4551,../data/AeolisGrids/ML_grids/20200213.txt,1.0
143,2020,02,13,66,960,0.268783333333333,0.317658,0.376288235294118,0.4433375,0.5162,../data/AeolisGrids/ML_grids/20200213.txt,1.0
144,2020,02,13,69,960,0.1367875,0.168208823529412,0.2245125,0.286204545454545,0.3446,../data/AeolisGrids/ML_grids/20200213.txt,1.0
145,2020,02,13,72,960,0.204666666666667,0.245678571428571,0.305155769230769,0.38015,0.46286,../data/AeolisGrids/ML_grids/20200213.txt,1.0
146,2020,02,13,75,960,0.19818,0.247996875,0.350357692307692,0.535083333333333,0.735464285714286,../data/AeolisGrids/ML_grids/20200213.txt,1.0
147,2020,02,13,78,960,0.182921538461538,0.218035714285714,0.278816666666667,0.4497,0.73922,../data/AeolisGrids/ML_grids/20200213.txt,1.0
148,2020,02,13,81,960,0.192700666666667,0.228647159090909,0.284125,0.369554166666667,0.484588333333333,../data/AeolisGrids/ML_grids/20200213.txt,1.0
149,2020,02,13,84,960,0.20056,0.237854545454545,0.295668181818182,0.4079,0.63333,../data/AeolisGrids/ML_grids/20200213.txt,1.0
150,2020,02,13,87,960,0.202530769230769,0.242631818181818,0.300574,0.397454545454545,0.705145,../data/AeolisGrids/ML_grids/20200213.txt,1.0
151,2020,02,27,60,960,0.2041,0.251033333333333,0.313119230769231,0.388630952380952,0.48135,../data/AeolisGrids/ML_grids/20200227.txt,1.0
152,2020,02,27,63,960,0.201353846153846,0.239791304347826,0.292414285714286,0.3540625,0.414742857142857,../data/AeolisGrids/ML_grids/20200227.txt,1.0
153,2020,02,27,66,960,0.2093,0.260207894736842,0.32525,0.394236,0.462213333333333,../data/AeolisGrids/ML_grids/20200227.txt,1.0
154,2020,02,27,69,960,0.175305555555556,0.223377777777778,0.28291,0.360367647058823,0.478957142857143,../data/AeolisGrids/ML_grids/20200227.txt,1.0
155,2020,02,27,72,960,0.191466666666667,0.231186979166667,0.274698529411765,0.320773333333333,0.3655425,../data/AeolisGrids/ML_grids/20200227.txt,1.0
156,2020,02,27,75,960,0.20155,0.235876923076923,0.2816875,0.337508,0.405525,../data/AeolisGrids/ML_grids/20200227.txt,1.0
157,2020,02,27,78,960,0.182871428571429,0.212723076923077,0.251552941176471,0.297057142857143,0.342588235294118,../data/AeolisGrids/ML_grids/20200227.txt,1.0
158,2020,02,27,81,960,0.194157142857143,0.225840740740741,0.265983333333333,0.31142,0.355073529411765,../data/AeolisGrids/ML_grids/20200227.txt,1.0
159,2020,02,27,84,960,0.195553846153846,0.232665217391304,0.28275,0.339753846153846,0.39457,../data/AeolisGrids/ML_grids/20200227.txt,1.0
160,2020,02,27,87,960,0.2082125,0.25334,0.320433333333333,0.407425,0.51085,../data/AeolisGrids/ML_grids/20200227.txt,1.0
161,2020,02,27,90,960,0.200127272727273,0.247145833333333,0.320768181818182,0.4191875,0.59423,../data/AeolisGrids/ML_grids/20200227.txt,1.0
162,2020,02,27,93,960,0.231674,0.290753125,0.383486842105263,0.56085,0.93172,../data/AeolisGrids/ML_grids/20200227.txt,3.0
163,2020,02,27,96,960,0.249392857142857,0.359609375,0.594505555555556,1.0161625,1.49075,../data/AeolisGrids/ML_grids/20200227.txt,3.0
164,2020,03,06,60,960,0.1924,0.2336875,0.3025425,0.414742857142857,0.563483333333333,../data/AeolisGrids/ML_grids/20200306.txt,1.0
165,2020,03,06,63,960,0.212038461538462,0.252339130434783,0.309938888888889,0.37675,0.444416666666667,../data/AeolisGrids/ML_grids/20200306.txt,1.0
166,2020,03,06,66,960,0.210796818181818,0.255806818181818,0.312646551724138,0.378054347826087,0.45218625,../data/AeolisGrids/ML_grids/20200306.txt,1.0
167,2020,03,06,69,960,0.1797625,0.226016666666667,0.273662903225806,0.32355,0.374656666666667,../data/AeolisGrids/ML_grids/20200306.txt,1.0
168,2020,03,06,72,960,0.2048225,0.250844047619048,0.3144625,0.42176875,0.69902,../data/AeolisGrids/ML_grids/20200306.txt,1.0
169,2020,03,06,75,960,0.206321923076923,0.247680681818182,0.317581578947368,0.557405,1.01038,../data/AeolisGrids/ML_grids/20200306.txt,1.0
170,2020,03,06,78,960,0.20698,0.2505475,0.3278375,0.58679,1.09021,../data/AeolisGrids/ML_grids/20200306.txt,1.0
171,2020,03,09,60,960,0.228878636363636,0.284720588235294,0.373651315789474,0.507601785714286,0.698824,../data/AeolisGrids/ML_grids/20200309.txt,1.0
172,2020,03,09,63,960,0.246715384615385,0.294736956521739,0.362069642857143,0.444845652173913,0.529016666666667,../data/AeolisGrids/ML_grids/20200309.txt,1.0
173,2020,03,09,66,960,0.2441,0.288341304347826,0.351844444444444,0.4377875,0.54293,../data/AeolisGrids/ML_grids/20200309.txt,1.0
174,2020,03,09,69,960,0.253796923076923,0.30524880952381,0.380416666666667,0.47892125,0.581095,../data/AeolisGrids/ML_grids/20200309.txt,2.0
175,2020,03,09,72,960,0.229609285714286,0.270048,0.328434615384615,0.414633823529412,0.54436125,../data/AeolisGrids/ML_grids/20200309.txt,1.0
176,2020,03,09,75,960,0.226016666666667,0.26142962962963,0.3102375,0.371516666666667,0.444879166666667,../data/AeolisGrids/ML_grids/20200309.txt,1.0
177,2020,03,09,78,960,0.231330769230769,0.272575,0.331894444444444,0.422321875,0.583525,../data/AeolisGrids/ML_grids/20200309.txt,1.0
178,2020,03,09,81,960,0.234147142857143,0.2767625,0.336178571428571,0.4214921875,0.608618,../data/AeolisGrids/ML_grids/20200309.txt,1.0
179,2020,03,09,84,960,0.239108333333333,0.28896125,0.36526625,0.604935,1.27831,../data/AeolisGrids/ML_grids/20200309.txt,1.0
180,2020,03,17,60,960,0.238828571428571,0.280980769230769,0.338062903225806,0.406038,0.476085714285714,../data/AeolisGrids/ML_grids/20200317.txt,1.0
181,2020,03,17,63,960,0.233077,0.272157,0.326975,0.395895108695652,0.476568636363636,../data/AeolisGrids/ML_grids/20200317.txt,1.0
182,2020,03,17,66,960,0.2379,0.27814,0.3350875,0.405432065217391,0.483540384615385,../data/AeolisGrids/ML_grids/20200317.txt,1.0
183,2020,03,17,69,960,0.220726923076923,0.260697916666667,0.31581,0.383010869565217,0.456716666666667,../data/AeolisGrids/ML_grids/20200317.txt,1.0
184,2020,03,17,72,960,0.207861153846154,0.244790625,0.298475925925926,0.377625,0.507487142857143,../data/AeolisGrids/ML_grids/20200317.txt,1.0
185,2020,03,17,75,960,0.210669230769231,0.249929166666667,0.3054,0.4019625,0.582078571428571,../data/AeolisGrids/ML_grids/20200317.txt,1.0
186,2020,03,17,78,960,0.211696153846154,0.248446428571429,0.29565,0.36395,0.49675,../data/AeolisGrids/ML_grids/20200317.txt,1.0
187,2020,03,17,81,960,0.222351666666667,0.262998369565217,0.320673076923077,0.431091666666667,0.770328,../data/AeolisGrids/ML_grids/20200317.txt,1.0
188,2020,03,17,84,960,0.223155357142857,0.266023913043478,0.32855625,0.477880357142857,0.819747,../data/AeolisGrids/ML_grids/20200317.txt,1.0
189,2020,03,17,87,960,0.21375,0.259490789473684,0.334638235294118,0.59175,1.0066,../data/AeolisGrids/ML_grids/20200317.txt,1.0
190,2020,04,02,60,960,0.197025,0.252521052631579,0.312305172413793,0.375542307692308,0.440364285714286,../data/AeolisGrids/ML_grids/20200402.txt,
191,2020,04,02,63,960,0.215795454545455,0.259508,0.3104390625,0.366167857142857,0.42398125,../data/AeolisGrids/ML_grids/20200402.txt,
192,2020,04,02,66,960,0.230957692307692,0.272575,0.324425757575758,0.382464285714286,0.4433375,../data/AeolisGrids/ML_grids/20200402.txt,
193,2020,04,02,69,960,0.238114285714286,0.28075,0.333601470588235,0.391213793103448,0.447317647058824,../data/AeolisGrids/ML_grids/20200402.txt,
194,2020,04,02,72,960,0.227204166666667,0.271976086956522,0.328811290322581,0.390183333333333,0.450375,../data/AeolisGrids/ML_grids/20200402.txt,
195,2020,04,02,75,960,0.23533,0.289630555555556,0.382616666666667,0.7795375,1.35061,../data/AeolisGrids/ML_grids/20200402.txt,
196,2020,04,02,78,960,0.248242,0.311205,0.443594444444444,0.922457142857143,1.44273571428571,../data/AeolisGrids/ML_grids/20200402.txt,
197,2020,04,02,81,960,0.236257692307692,0.279058333333333,0.333645454545455,0.395790384615385,0.465620833333333,../data/AeolisGrids/ML_grids/20200402.txt,
198,2020,07,07,60,960,0.19486,0.226544444444444,0.26701,0.316673076923077,0.371919230769231,../data/AeolisGrids/ML_grids/20200707.txt,0.0
199,2020,07,07,63,960,0.203642307692308,0.240525,0.288376666666667,0.346112,0.410586363636364,../data/AeolisGrids/ML_grids/20200707.txt,0.0
200,2020,07,07,66,960,0.20495,0.248945454545455,0.3054,0.372995652173913,0.447368181818182,../data/AeolisGrids/ML_grids/20200707.txt,1.0
201,2020,07,07,69,960,0.229092307692308,0.2709125,0.32525,0.387257692307692,0.45006,../data/AeolisGrids/ML_grids/20200707.txt,1.0
202,2020,07,07,72,960,0.174031111111111,0.222275,0.276990740740741,0.339281818181818,0.40773375,../data/AeolisGrids/ML_grids/20200707.txt,1.0
203,2020,07,07,75,960,0.171855,0.23299140625,0.303329347826087,0.382178571428572,0.466680454545455,../data/AeolisGrids/ML_grids/20200707.txt,0.0
204,2020,07,07,78,960,0.2327965,0.297706666666667,0.400554166666667,0.56373125,0.8745,../data/AeolisGrids/ML_grids/20200707.txt,1.0
205,2020,07,07,81,960,0.314358,0.392447222222222,0.500478260869565,0.6486625,0.873266666666666,../data/AeolisGrids/ML_grids/20200707.txt,1.0
206,2020,07,07,84,960,0.260181818181818,0.316878571428571,0.389116071428571,0.475128571428571,0.581131818181818,../data/AeolisGrids/ML_grids/20200707.txt,1.0
207,2020,07,07,87,960,0.275842307692308,0.32855,0.39394375,0.47095625,0.55955,../data/AeolisGrids/ML_grids/20200707.txt,1.0
208,2020,07,07,90,960,0.206623076923077,0.245947826086957,0.29645,0.35465,0.415566666666667,../data/AeolisGrids/ML_grids/20200707.txt,1.0
209,2020,07,07,93,960,0.21825,0.257075,0.310960344827586,0.379659090909091,0.460390909090909,../data/AeolisGrids/ML_grids/20200707.txt,1.0
210,2020,07,24,60,960,0.189938461538462,0.224311538461538,0.264967647058824,0.313373076923077,0.366714285714286,../data/AeolisGrids/ML_grids/20200724.txt,1.0
211,2020,07,24,63,960,0.190553846153846,0.226214583333333,0.27172,0.3261125,0.38475,../data/AeolisGrids/ML_grids/20200724.txt,1.0
212,2020,07,24,66,960,0.217431818181818,0.2595625,0.313979032258065,0.37779347826087,0.447103846153846,../data/AeolisGrids/ML_grids/20200724.txt,1.0
213,2020,07,24,69,960,0.191511111111111,0.233741304347826,0.28475,0.3452,0.410520833333333,../data/AeolisGrids/ML_grids/20200724.txt,1.0
214,2020,07,24,72,960,0.15959,0.20445,0.26296875,0.33077,0.40638,../data/AeolisGrids/ML_grids/20200724.txt,1.0
215,2020,07,24,75,960,0.21141375,0.253764285714286,0.314886,0.400390441176471,0.545907,../data/AeolisGrids/ML_grids/20200724.txt,1.0
216,2020,07,24,78,960,0.230289545454545,0.280063157894737,0.352951086956522,0.464280357142857,0.7033075,../data/AeolisGrids/ML_grids/20200724.txt,1.0
217,2020,07,24,81,960,0.218086363636364,0.270255882352941,0.354125,0.47095625,0.612925,../data/AeolisGrids/ML_grids/20200724.txt,1.0
218,2020,07,24,84,960,0.2127265,0.270980357142857,0.3730703125,0.549481944444445,1.08392625,../data/AeolisGrids/ML_grids/20200724.txt,1.0
219,2020,07,24,87,960,0.2024,0.248755263157895,0.321110869565217,0.409575,0.504736363636364,../data/AeolisGrids/ML_grids/20200724.txt,2.0
220,2020,07,24,90,960,0.201408333333333,0.24495,0.310167391304348,0.392085,0.48573,../data/AeolisGrids/ML_grids/20200724.txt,2.0
221,2020,07,24,93,960,0.189015384615385,0.22852380952381,0.291688095238095,0.380044117647059,0.4911375,../data/AeolisGrids/ML_grids/20200724.txt,1.0
222,2020,07,24,96,960,0.188707692307692,0.228085,0.29285,0.382972222222222,0.485844444444444,../data/AeolisGrids/ML_grids/20200724.txt,1.0
223,2020,07,24,99,960,0.181576923076923,0.21825,0.28165,0.385914285714286,0.53035,../data/AeolisGrids/ML_grids/20200724.txt,3.0
224,2020,07,31,60,960,0.193278571428571,0.226686538461538,0.269617741935484,0.32525,0.39457,../data/AeolisGrids/ML_grids/20200731.txt,0.0
225,2020,07,31,63,960,0.210041666666667,0.251186956521739,0.304524137931035,0.36794375,0.438922727272727,../data/AeolisGrids/ML_grids/20200731.txt,1.0
226,2020,07,31,66,960,0.1972,0.237617391304348,0.287563333333333,0.34731875,0.412683333333333,../data/AeolisGrids/ML_grids/20200731.txt,1.0
227,2020,07,31,69,960,0.17795,0.225475,0.280972222222222,0.344365217391304,0.4102325,../data/AeolisGrids/ML_grids/20200731.txt,1.0
228,2020,07,31,72,960,0.17945,0.2271,0.283321428571429,0.3461,0.4119625,../data/AeolisGrids/ML_grids/20200731.txt,1.0
229,2020,07,31,75,960,0.230069090909091,0.28425,0.369685,0.513768181818182,0.8341475,../data/AeolisGrids/ML_grids/20200731.txt,1.0
230,2020,07,31,78,960,0.212536363636364,0.258329761904762,0.324116666666667,0.414125,0.55448,../data/AeolisGrids/ML_grids/20200731.txt,1.0
231,2020,07,31,81,960,0.204005555555556,0.25685,0.359204545454545,0.8002625,1.46634285714286,../data/AeolisGrids/ML_grids/20200731.txt,1.0
232,2020,07,31,84,960,0.220166666666667,0.268955263157895,0.338636,0.425902631578947,0.53835,../data/AeolisGrids/ML_grids/20200731.txt,1.0
233,2020,07,31,87,960,0.215959090909091,0.25969875,0.324954347826087,0.416431666666667,0.545874285714286,../data/AeolisGrids/ML_grids/20200731.txt,1.0
234,2020,07,31,90,960,0.222724545454545,0.26989125,0.33935,0.432734722222222,0.55901375,../data/AeolisGrids/ML_grids/20200731.txt,1.0
235,2020,08,05,60,960,0.224311538461538,0.266338,0.318656060606061,0.376208620689655,0.43469375,../data/AeolisGrids/ML_grids/20200805.txt,1.0
236,2020,08,05,63,960,0.184025,0.234794736842105,0.294227777777778,0.361978571428571,0.4401,../data/AeolisGrids/ML_grids/20200805.txt,0.0
237,2020,08,05,66,960,0.218603846153846,0.26080652173913,0.316401724137931,0.38187,0.4497,../data/AeolisGrids/ML_grids/20200805.txt,1.0
238,2020,08,05,69,960,0.206927272727273,0.252077272727273,0.310467857142857,0.379184782608696,0.451465384615385,../data/AeolisGrids/ML_grids/20200805.txt,1.0
239,2020,08,05,72,960,0.2329945,0.290786764705882,0.373572619047619,0.496413461538462,0.73714,../data/AeolisGrids/ML_grids/20200805.txt,1.0
240,2020,08,05,75,960,0.289122222222222,0.3667625,0.481790789473684,0.67208125,0.97181875,../data/AeolisGrids/ML_grids/20200805.txt,1.0
241,2020,08,05,78,960,0.274209,0.338365131578947,0.423583,0.536638888888889,0.69139,../data/AeolisGrids/ML_grids/20200805.txt,1.0
242,2020,08,05,81,960,0.254763636363636,0.311235714285714,0.381607142857143,0.463991666666667,0.55955,../data/AeolisGrids/ML_grids/20200805.txt,1.0
243,2020,08,05,84,960,0.248463636363636,0.308455263157895,0.386944230769231,0.483695,0.59795,../data/AeolisGrids/ML_grids/20200805.txt,1.0
244,2020,08,05,87,960,0.479531428571429,0.645676923076923,0.89871,1.13191477272727,1.35544428571429,../data/AeolisGrids/ML_grids/20200805.txt,2.0
245,2020,08,05,90,960,0.2486925,0.349258333333333,0.605765384615385,0.80959625,0.9730175,../data/AeolisGrids/ML_grids/20200805.txt,1.0
246,2020,08,28,60,960,0.20495,0.2424,0.290488709677419,0.347576,0.410520833333333,../data/AeolisGrids/ML_grids/20200828.txt,0.0
247,2020,08,28,63,960,0.198273333333333,0.2460975,0.303132142857143,0.369078409090909,0.448674,../data/AeolisGrids/ML_grids/20200828.txt,0.0
248,2020,08,28,66,960,0.213008333333333,0.253448,0.304375806451613,0.363015384615385,0.42376,../data/AeolisGrids/ML_grids/20200828.txt,1.0
249,2020,08,28,69,960,0.203597727272727,0.24679875,0.305803125,0.381972222222222,0.485435714285714,../data/AeolisGrids/ML_grids/20200828.txt,1.0
250,2020,08,28,72,960,0.223713636363636,0.272778571428571,0.337894444444444,0.415304545454546,0.502636363636364,../data/AeolisGrids/ML_grids/20200828.txt,1.0
251,2020,08,28,75,960,0.191366666666667,0.229198295454545,0.284326923076923,0.361145833333333,0.466347857142857,../data/AeolisGrids/ML_grids/20200828.txt,1.0
252,2020,08,28,78,960,0.25068,0.3444,0.65955,1.23117222222222,1.59889272727273,../data/AeolisGrids/ML_grids/20200828.txt,1.0
253,2020,08,28,81,960,0.236275,0.291683823529412,0.37855,0.510644230769231,0.67736875,../data/AeolisGrids/ML_grids/20200828.txt,1.0
254,2020,08,28,84,960,0.223166666666667,0.268104545454546,0.330616666666667,0.408375,0.508115555555556,../data/AeolisGrids/ML_grids/20200828.txt,1.0
255,2020,08,28,87,960,0.221853333333333,0.26883,0.339826086956522,0.441641666666667,0.601336666666667,../data/AeolisGrids/ML_grids/20200828.txt,1.0
256,2020,08,28,90,960,0.197469230769231,0.238978947368421,0.306321428571429,0.407357142857143,0.58312,../data/AeolisGrids/ML_grids/20200828.txt,1.0
257,2020,09,10,60,960,0.19065,0.217379032258065,0.249645238095238,0.286397058823529,0.32568125,../data/AeolisGrids/ML_grids/20200910.txt,0.0
258,2020,09,10,63,960,0.2104125,0.25015,0.296747142857143,0.3482375,0.404303571428571,../data/AeolisGrids/ML_grids/20200910.txt,1.0
259,2020,09,10,66,960,0.2089375,0.248825,0.302905357142857,0.370769047619048,0.449945454545455,../data/AeolisGrids/ML_grids/20200910.txt,1.0
260,2020,09,10,69,960,0.191511111111111,0.238715789473684,0.30159,0.379276315789474,0.472461111111111,../data/AeolisGrids/ML_grids/20200910.txt,1.0
261,2020,09,10,72,960,0.21627,0.26955,0.344834782608696,0.44943,0.627346,../data/AeolisGrids/ML_grids/20200910.txt,1.0
262,2020,09,10,75,960,0.237355,0.287258333333333,0.356778846153846,0.449680147058824,0.580516428571429,../data/AeolisGrids/ML_grids/20200910.txt,1.0
263,2020,09,10,78,960,0.23278,0.283178571428571,0.352619230769231,0.447039705882353,0.582425714285714,../data/AeolisGrids/ML_grids/20200910.txt,1.0
264,2020,09,10,81,960,0.222758,0.277688888888889,0.366775,0.544790625,0.922402,../data/AeolisGrids/ML_grids/20200910.txt,1.0
265,2020,09,16,60,960,0.182138571428571,0.212423557692308,0.251595454545455,0.309858088235294,0.428574,../data/AeolisGrids/ML_grids/20200916.txt,0.0
266,2020,09,16,63,960,0.188065714285714,0.252623333333333,0.328125,0.409189285714286,0.50298,../data/AeolisGrids/ML_grids/20200916.txt,0.0
267,2020,09,16,66,960,0.141138461538462,0.17185,0.249909090909091,0.440364285714286,0.78076,../data/AeolisGrids/ML_grids/20200916.txt,1.0
268,2020,09,16,69,960,0.135702307692308,0.158778571428571,0.2007,0.3428,0.75495,../data/AeolisGrids/ML_grids/20200916.txt,1.0
269,2020,09,16,72,960,0.14645,0.179817647058824,0.2374,0.31185,0.42022,../data/AeolisGrids/ML_grids/20200916.txt,2.0
270,2020,09,16,75,960,0.186125,0.22245,0.270675,0.335675,0.457525,../data/AeolisGrids/ML_grids/20200916.txt,1.0
271,2020,09,16,78,960,0.200841666666667,0.242275,0.30798,0.479675,0.916226,../data/AeolisGrids/ML_grids/20200916.txt,1.0
272,2020,09,25,60,960,0.17165,0.219783333333333,0.27727,0.343314285714286,0.416090909090909,../data/AeolisGrids/ML_grids/20200925.txt,
273,2020,09,25,63,960,0.20123125,0.25631,0.31471,0.379880434782609,0.4551,../data/AeolisGrids/ML_grids/20200925.txt,
274,2020,09,25,66,960,0.191085714285714,0.24868552631579,0.310122321428571,0.378477272727273,0.466222777777778,../data/AeolisGrids/ML_grids/20200925.txt,
275,2020,09,25,69,960,0.19818,0.244828571428571,0.298843333333333,0.35625,0.412683333333333,../data/AeolisGrids/ML_grids/20200925.txt,
276,2020,09,25,72,960,0.202521428571429,0.238361538461538,0.284386363636364,0.337941071428571,0.391371875,../data/AeolisGrids/ML_grids/20200925.txt,
277,2020,09,25,75,960,0.1863,0.22145,0.267756666666667,0.32185,0.375278125,../data/AeolisGrids/ML_grids/20200925.txt,
278,2020,09,25,78,960,0.1863,0.220166666666667,0.265703333333333,0.320716666666667,0.377980769230769,../data/AeolisGrids/ML_grids/20200925.txt,
279,2020,09,25,81,960,0.184207692307692,0.2165625,0.260455172413793,0.31815,0.391088888888889,../data/AeolisGrids/ML_grids/20200925.txt,
280,2020,09,25,84,960,0.1803875,0.214728260869565,0.263448148148148,0.324658695652174,0.390183333333333,../data/AeolisGrids/ML_grids/20200925.txt,
281,2020,09,25,87,960,0.20611,0.254,0.335882352941176,0.59795,1.09097166666667,../data/AeolisGrids/ML_grids/20200925.txt,
282,2020,11,07,60,960,0.224275,0.27438,0.335796551724138,0.40873125,0.491566666666667,../data/AeolisGrids/ML_grids/20201107.txt,0.0
283,2020,11,07,63,960,0.205944285714286,0.271429411764706,0.343630769230769,0.424139285714286,0.514643636363636,../data/AeolisGrids/ML_grids/20201107.txt,1.0
284,2020,11,07,66,960,0.2328625,0.28125,0.338759375,0.402565384615385,0.469725,../data/AeolisGrids/ML_grids/20201107.txt,1.0
285,2020,11,07,69,960,0.222083333333333,0.266571739130435,0.323843103448276,0.39188125,0.4721875,../data/AeolisGrids/ML_grids/20201107.txt,1.0
286,2020,11,07,72,960,0.214854545454545,0.260600595238095,0.32769375,0.415604605263158,0.514381,../data/AeolisGrids/ML_grids/20201107.txt,1.0
287,2020,11,07,75,960,0.203533333333333,0.244718181818182,0.300931481481482,0.3682625,0.439246153846154,../data/AeolisGrids/ML_grids/20201107.txt,1.0
288,2020,11,07,78,960,0.218957692307692,0.263904545454546,0.325505555555556,0.399434782608696,0.48135,../data/AeolisGrids/ML_grids/20201107.txt,1.0
289,2020,11,07,81,960,0.20495,0.244718181818182,0.302957692307692,0.37955,0.469177777777778,../data/AeolisGrids/ML_grids/20201107.txt,3.0
290,2020,11,07,84,960,0.19895,0.237617391304348,0.2898,0.354464285714286,0.428058333333333,../data/AeolisGrids/ML_grids/20201107.txt,3.0
291,2020,11,07,87,960,0.189066666666667,0.225534782608696,0.274339285714286,0.335521739130435,0.4033875,../data/AeolisGrids/ML_grids/20201107.txt,3.0
292,2020,11,07,90,960,0.179336363636364,0.216,0.263448148148148,0.323395454545455,0.389765384615385,../data/AeolisGrids/ML_grids/20201107.txt,3.0
293,2020,11,07,93,960,0.193278571428571,0.23152619047619,0.293735714285714,0.397671428571429,0.53835,../data/AeolisGrids/ML_grids/20201107.txt,3.0
294,2020,11,14,60,960,0.2534,0.323361111111111,0.420135714285714,0.572484615384616,0.76335,../data/AeolisGrids/ML_grids/20201114.txt,0.0
295,2020,11,14,63,960,0.2394,0.296439473684211,0.375114583333333,0.482335294117647,0.6319,../data/AeolisGrids/ML_grids/20201114.txt,1.0
296,2020,11,14,66,960,0.1923,0.241705555555556,0.304384,0.38135,0.473862,../data/AeolisGrids/ML_grids/20201114.txt,1.0
297,2020,11,14,69,960,0.212761111111111,0.266761111111111,0.337508,0.421821428571429,0.514416666666667,../data/AeolisGrids/ML_grids/20201114.txt,1.0
298,2020,11,14,72,960,0.19568,0.238081818181818,0.291377586206897,0.3540625,0.41845,../data/AeolisGrids/ML_grids/20201114.txt,1.0
299,2020,11,14,75,960,0.217840909090909,0.261668181818182,0.321472222222222,0.393263043478261,0.468588461538462,../data/AeolisGrids/ML_grids/20201114.txt,1.0
300,2020,11,14,78,960,0.197792307692308,0.233638,0.27948125,0.334124,0.391153571428571,../data/AeolisGrids/ML_grids/20201114.txt,1.0
301,2020,11,14,81,960,0.201610714285714,0.237816666666667,0.2898,0.360875,0.438922727272727,../data/AeolisGrids/ML_grids/20201114.txt,1.0
302,2020,11,14,84,960,0.220373076923077,0.26365,0.320943333333333,0.383268518518519,0.445033333333333,../data/AeolisGrids/ML_grids/20201114.txt,1.0
303,2020,11,14,87,960,0.2145,0.259686363636364,0.319153448275862,0.382903846153846,0.44565,../data/AeolisGrids/ML_grids/20201114.txt,1.0
304,2020,11,18,60,960,0.1957825,0.248825,0.303918333333333,0.359642857142857,0.4154225,../data/AeolisGrids/ML_grids/20201118.txt,0.0
305,2020,11,18,63,960,0.1965,0.245557142857143,0.300531666666667,0.360673076923077,0.424771428571429,../data/AeolisGrids/ML_grids/20201118.txt,1.0
306,2020,11,18,66,960,0.210041666666667,0.257773684210526,0.336973684210526,0.53595,0.91777,../data/AeolisGrids/ML_grids/20201118.txt,1.0
307,2020,11,18,69,960,0.199516363636364,0.238597916666667,0.285879032258065,0.343660869565217,0.424091875,../data/AeolisGrids/ML_grids/20201118.txt,0.0
308,2020,11,18,72,960,0.20495,0.24444,0.2920875,0.3464,0.404303571428571,../data/AeolisGrids/ML_grids/20201118.txt,1.0
309,2020,11,18,75,960,0.214096153846154,0.25415,0.307624137931035,0.373336956521739,0.458333333333333,../data/AeolisGrids/ML_grids/20201118.txt,1.0
310,2020,11,18,78,960,0.20495,0.24325,0.297672222222222,0.381321428571429,0.601125,../data/AeolisGrids/ML_grids/20201118.txt,1.0
311,2020,11,18,81,960,0.220160769230769,0.262659090909091,0.324434,0.444622222222222,0.817695,../data/AeolisGrids/ML_grids/20201118.txt,1.0
312,2020,11,18,84,960,0.220933333333333,0.264922727272727,0.3284125,0.444725,0.8194,../data/AeolisGrids/ML_grids/20201118.txt,1.0
313,2020,12,03,60,960,0.20730625,0.244116346153846,0.288690909090909,0.341761538461538,0.404747727272727,../data/AeolisGrids/ML_grids/20201203.txt,0.0
314,2020,12,03,63,960,0.210368,0.2573,0.314353448275862,0.381445652173913,0.463565454545455,../data/AeolisGrids/ML_grids/20201203.txt,1.0
315,2020,12,03,66,960,0.201353846153846,0.240878260869565,0.29041,0.34915625,0.412683333333333,../data/AeolisGrids/ML_grids/20201203.txt,1.0
316,2020,12,03,69,960,0.218775714285714,0.259789583333333,0.313340322580645,0.374552,0.440953846153846,../data/AeolisGrids/ML_grids/20201203.txt,1.0
317,2020,12,03,72,960,0.226016666666667,0.26785,0.322983333333333,0.391047727272727,0.483695,../data/AeolisGrids/ML_grids/20201203.txt,1.0
318,2020,12,03,75,960,0.219975,0.277642857142857,0.378464285714286,0.749425,1.621375,../data/AeolisGrids/ML_grids/20201203.txt,2.0
319,2020,12,03,78,960,0.21465,0.2764,0.382083333333333,0.65725,1.63159,../data/AeolisGrids/ML_grids/20201203.txt,1.0
320,2020,12,03,81,960,0.233378125,0.303079807692308,0.411344642857143,0.64950625,1.606478125,../data/AeolisGrids/ML_grids/20201203.txt,1.0
321,2020,12,03,84,960,0.210041666666667,0.25469,0.319538,0.398466666666667,0.485636363636364,../data/AeolisGrids/ML_grids/20201203.txt,3.0
322,2020,12,03,87,960,0.196823076923077,0.236275,0.293594,0.371080555555556,0.480392857142857,../data/AeolisGrids/ML_grids/20201203.txt,3.0
323,2020,12,03,90,960,0.199936363636364,0.246933333333333,0.327792105263158,0.436978125,0.570425,../data/AeolisGrids/ML_grids/20201203.txt,3.0
324,2020,12,03,93,960,0.189066666666667,0.23245,0.312216666666667,0.438534615384615,0.614364285714286,../data/AeolisGrids/ML_grids/20201203.txt,3.0
325,2020,12,17,60,960,0.2458,0.292319565217391,0.350534375,0.417451923076923,0.486907142857143,../data/AeolisGrids/ML_grids/20201217.txt,0.0
326,2020,12,17,63,960,0.1919,0.244278947368421,0.301896551724138,0.363698,0.4294,../data/AeolisGrids/ML_grids/20201217.txt,1.0
327,2020,12,17,66,960,0.246323076923077,0.290898,0.345341176470588,0.406441071428572,0.46874,../data/AeolisGrids/ML_grids/20201217.txt,1.0
328,2020,12,17,69,960,0.250761538461539,0.295234615384615,0.351745454545455,0.415669642857143,0.481559375,../data/AeolisGrids/ML_grids/20201217.txt,1.0
329,2020,12,17,72,960,0.2555,0.300828,0.359556451612903,0.43125652173913,0.515376923076923,../data/AeolisGrids/ML_grids/20201217.txt,3.0
330,2020,12,17,75,960,0.243184615384615,0.288783333333333,0.34731875,0.414298,0.48269,../data/AeolisGrids/ML_grids/20201217.txt,3.0
331,2020,12,17,78,960,0.218957692307692,0.260697916666667,0.3130875,0.370582142857143,0.427906666666667,../data/AeolisGrids/ML_grids/20201217.txt,3.0
332,2020,12,17,81,960,0.219768,0.271125,0.336197222222222,0.418840441176471,0.592246,../data/AeolisGrids/ML_grids/20201217.txt,3.0
333,2020,12,17,84,960,0.215795454545455,0.261420454545455,0.31576875,0.382083333333333,0.52995,../data/AeolisGrids/ML_grids/20201217.txt,3.0
334,2020,12,17,87,960,0.218668181818182,0.265177272727273,0.322303333333333,0.398794117647059,0.607475,../data/AeolisGrids/ML_grids/20201217.txt,3.0
335,2020,12,28,60,960,0.176411818181818,0.210944565217391,0.25496,0.306878125,0.35955,../data/AeolisGrids/ML_grids/20201228.txt,0.0
336,2020,12,28,63,960,0.206777,0.25658,0.31405,0.375844230769231,0.44195,../data/AeolisGrids/ML_grids/20201228.txt,1.0
337,2020,12,28,66,960,0.204595833333333,0.2416,0.284416666666667,0.331927419354839,0.37925,../data/AeolisGrids/ML_grids/20201228.txt,1.0
338,2020,12,28,69,960,0.2064,0.247941666666667,0.302115517241379,0.36584,0.4322,../data/AeolisGrids/ML_grids/20201228.txt,1.0
339,2020,12,28,72,960,0.219665384615385,0.262906818181818,0.319622413793103,0.386108333333333,0.45384,../data/AeolisGrids/ML_grids/20201228.txt,1.0
340,2020,12,28,75,960,0.21375,0.255990909090909,0.313215517241379,0.377083333333333,0.444226923076923,../data/AeolisGrids/ML_grids/20201228.txt,1.0
341,2020,12,28,78,960,0.216,0.265713157894737,0.341704347826087,0.443915625,0.56983,../data/AeolisGrids/ML_grids/20201228.txt,1.0
342,2020,12,28,81,960,0.210889285714286,0.250370833333333,0.306782142857143,0.378654761904762,0.469177777777778,../data/AeolisGrids/ML_grids/20201228.txt,1.0
343,2020,12,28,84,960,0.20495,0.2398,0.286375,0.34208,0.402565384615385,../data/AeolisGrids/ML_grids/20201228.txt,1.0
344,2020,12,28,87,960,0.204296153846154,0.243065217391304,0.299294230769231,0.37204,0.45801,../data/AeolisGrids/ML_grids/20201228.txt,1.0
345,2020,12,28,90,960,0.1858,0.218633333333333,0.268578,0.3396,0.4273,../data/AeolisGrids/ML_grids/20201228.txt,1.0
346,2020,12,28,93,960,0.1863,0.222013636363636,0.276715217391304,0.352589473684211,0.4648,../data/AeolisGrids/ML_grids/20201228.txt,3.0
347,2021,01,11,60,960,0.2007,0.248761904761905,0.306289655172414,0.367766666666667,0.426746875,../data/AeolisGrids/ML_grids/20210111.txt,0.0
348,2021,01,11,63,960,0.256236363636364,0.3070125,0.368421875,0.43973,0.518546428571429,../data/AeolisGrids/ML_grids/20210111.txt,1.0
349,2021,01,11,66,960,0.175892857142857,0.2475,0.319961111111111,0.389002173913044,0.458564285714286,../data/AeolisGrids/ML_grids/20210111.txt,1.0
350,2021,01,11,69,960,0.220726923076923,0.261034,0.313340322580645,0.374866,0.441380769230769,../data/AeolisGrids/ML_grids/20210111.txt,1.0
351,2021,01,11,72,960,0.217186363636364,0.260677272727273,0.317507142857143,0.385104347826087,0.454155,../data/AeolisGrids/ML_grids/20210111.txt,1.0
352,2021,01,11,75,960,0.259457692307692,0.310970454545455,0.377853448275862,0.458333333333333,0.544515384615385,../data/AeolisGrids/ML_grids/20210111.txt,2.0
353,2021,01,11,78,960,0.24665,0.29812,0.368080357142857,0.44761875,0.52642,../data/AeolisGrids/ML_grids/20210111.txt,1.0
354,2021,01,11,81,960,0.245645454545455,0.306475,0.3929,0.496105263157895,0.617872222222222,../data/AeolisGrids/ML_grids/20210111.txt,1.0
355,2021,01,14,60,960,0.207125,0.2468625,0.293413636363636,0.347813461538462,0.409189285714286,../data/AeolisGrids/ML_grids/20210114.txt,0.0
356,2021,01,14,63,960,0.247941666666667,0.296322,0.353984375,0.41845,0.48985,../data/AeolisGrids/ML_grids/20210114.txt,1.0
357,2021,01,14,66,960,0.221535714285714,0.279921428571429,0.337277272727273,0.398267857142857,0.462213333333333,../data/AeolisGrids/ML_grids/20210114.txt,1.0
358,2021,01,14,69,960,0.224433333333333,0.266786,0.319068181818182,0.377980769230769,0.439042857142857,../data/AeolisGrids/ML_grids/20210114.txt,1.0
359,2021,01,14,72,960,0.229838461538462,0.273654545454546,0.333851724137931,0.405339130434783,0.482546428571429,../data/AeolisGrids/ML_grids/20210114.txt,1.0
360,2021,01,14,75,960,0.20766875,0.239007142857143,0.281808823529412,0.33638,0.399323076923077,../data/AeolisGrids/ML_grids/20210114.txt,1.0
361,2021,01,14,78,960,0.231330769230769,0.275477272727273,0.340861538461538,0.42553,0.523865,../data/AeolisGrids/ML_grids/20210114.txt,1.0
362,2021,01,14,81,960,0.216642857142857,0.255147826086957,0.314388461538462,0.394657894736842,0.495,../data/AeolisGrids/ML_grids/20210114.txt,1.0
363,2021,01,14,84,960,0.217003846153846,0.25942625,0.3392,0.522359375,0.880050000000001,../data/AeolisGrids/ML_grids/20210114.txt,1.0
364,2021,01,14,87,960,0.242011111111111,0.304056730769231,0.446175,0.957915625,1.466288125,../data/AeolisGrids/ML_grids/20210114.txt,3.0
365,2021,01,14,90,960,0.3168,0.4387125,0.87265,1.49422777777778,1.7791,../data/AeolisGrids/ML_grids/20210114.txt,3.0
366,2021,01,22,60,960,0.244585714285714,0.288214,0.345238709677419,0.415817391304348,0.4985,../data/AeolisGrids/ML_grids/20210122.txt,0.0
367,2021,01,22,63,960,0.2419,0.288946,0.343314285714286,0.403466666666667,0.468083333333333,../data/AeolisGrids/ML_grids/20210122.txt,1.0
368,2021,01,22,66,960,0.224433333333333,0.276210869565217,0.331731818181818,0.391153571428571,0.45391875,../data/AeolisGrids/ML_grids/20210122.txt,1.0
369,2021,01,22,69,960,0.243188181818182,0.292651086956522,0.348605,0.409726293103448,0.4742190625,../data/AeolisGrids/ML_grids/20210122.txt,1.0
370,2021,01,22,72,960,0.2276,0.268083333333333,0.322617741935484,0.38475,0.44628,../data/AeolisGrids/ML_grids/20210122.txt,1.0
371,2021,01,22,78,960,0.218556666666667,0.2582,0.318196153846154,0.3983275,0.495,../data/AeolisGrids/ML_grids/20210122.txt,1.0
372,2021,01,22,81,960,0.222496153846154,0.263883333333333,0.321029310344828,0.38984375,0.462375,../data/AeolisGrids/ML_grids/20210122.txt,1.0
373,2021,01,22,84,960,0.20611,0.2414,0.288914516129032,0.3428,0.39624,../data/AeolisGrids/ML_grids/20210122.txt,1.0
374,2021,01,22,87,960,0.249909090909091,0.3155625,0.403783333333333,0.483313793103448,0.55199375,../data/AeolisGrids/ML_grids/20210122.txt,1.0
375,2021,01,27,60,960,0.218520588235294,0.249058823529412,0.283683333333333,0.321472222222222,0.360125,../data/AeolisGrids/ML_grids/20210127.txt,0.0
376,2021,01,27,63,960,0.248723076923077,0.294834,0.350291176470588,0.413792307692308,0.485492307692308,../data/AeolisGrids/ML_grids/20210127.txt,1.0
377,2021,01,27,66,960,0.2093,0.266892105263158,0.330484482758621,0.39791,0.469021428571429,../data/AeolisGrids/ML_grids/20210127.txt,1.0
378,2021,01,27,69,960,0.227973076923077,0.272223913043478,0.32893,0.394236,0.463414285714286,../data/AeolisGrids/ML_grids/20210127.txt,1.0
379,2021,01,27,72,960,0.178616666666667,0.22055,0.266540322580645,0.31981,0.376189285714286,../data/AeolisGrids/ML_grids/20210127.txt,1.0
380,2021,01,27,75,960,0.200233333333333,0.244617391304348,0.296363333333333,0.35585,0.417832142857143,../data/AeolisGrids/ML_grids/20210127.txt,1.0
381,2021,01,27,78,960,0.228246666666667,0.265724074074074,0.313358571428571,0.367581034482759,0.42398125,../data/AeolisGrids/ML_grids/20210127.txt,1.0
382,2021,01,27,81,960,0.23344,0.273354,0.32654375,0.393279545454545,0.495,../data/AeolisGrids/ML_grids/20210127.txt,1.0
383,2021,01,27,84,960,0.229332142857143,0.269934,0.32205,0.380601851851852,0.447225,../data/AeolisGrids/ML_grids/20210127.txt,1.0
384,2021,01,27,87,960,0.24325,0.293119565217391,0.35515625,0.419714285714286,0.487076923076923,../data/AeolisGrids/ML_grids/20210127.txt,1.0
385,2021,02,04,60,960,0.154325,0.189288888888889,0.246572727272727,0.31449,0.384022727272727,../data/AeolisGrids/ML_grids/20210204.txt,0.0
386,2021,02,04,63,960,0.267871538461538,0.320963043478261,0.391735714285714,0.477490217391304,0.574725454545454,../data/AeolisGrids/ML_grids/20210204.txt,1.0
387,2021,02,04,69,960,0.248635714285714,0.297077272727273,0.3655,0.4506,0.540992307692308,../data/AeolisGrids/ML_grids/20210204.txt,1.0
388,2021,02,04,72,960,0.238861538461538,0.290442105263158,0.379861111111111,0.575425,0.920343333333333,../data/AeolisGrids/ML_grids/20210204.txt,1.0
389,2021,02,04,75,960,0.227861153846154,0.2758925,0.353928571428571,0.480641346153846,0.712225,../data/AeolisGrids/ML_grids/20210204.txt,1.0
390,2021,02,04,78,960,0.241854545454545,0.297672222222222,0.385914285714286,0.510493333333333,0.704998,../data/AeolisGrids/ML_grids/20210204.txt,1.0
391,2021,02,10,60,960,0.16965,0.209745,0.262996,0.3287,0.398466666666667,../data/AeolisGrids/ML_grids/20210210.txt,0.0
392,2021,02,10,63,960,0.28675,0.336759615384615,0.4015171875,0.481886,0.57745,../data/AeolisGrids/ML_grids/20210210.txt,1.0
393,2021,02,10,66,960,0.245205,0.295211904761905,0.367723076923077,0.45801,0.557670909090909,../data/AeolisGrids/ML_grids/20210210.txt,1.0
394,2021,02,10,69,960,0.219597142857143,0.261379166666667,0.323754,0.4051875,0.504345,../data/AeolisGrids/ML_grids/20210210.txt,1.0
395,2021,02,10,72,960,0.205717647058824,0.236205172413793,0.276607142857143,0.325015517241379,0.37675,../data/AeolisGrids/ML_grids/20210210.txt,0.0
396,2021,02,10,75,960,0.211207142857143,0.2475,0.296983333333333,0.35929347826087,0.431436363636364,../data/AeolisGrids/ML_grids/20210210.txt,1.0
397,2021,02,10,78,960,0.24495,0.292584782608696,0.348033333333333,0.403456451612903,0.457382352941176,../data/AeolisGrids/ML_grids/20210210.txt,1.0
398,2021,02,10,81,960,0.250353846153846,0.299579166666667,0.359431818181818,0.424771428571429,0.49575,../data/AeolisGrids/ML_grids/20210210.txt,1.0
399,2021,02,10,84,960,0.2399,0.289245454545455,0.35228,0.425760869565217,0.518633333333333,../data/AeolisGrids/ML_grids/20210210.txt,1.0
400,2021,02,17,60,960,0.216,0.26080652173913,0.31285,0.369481481481482,0.426779411764706,../data/AeolisGrids/ML_grids/20210217.txt,0.0
401,2021,02,17,63,960,0.255707692307692,0.304019565217391,0.366432258064516,0.437111538461539,0.50978,../data/AeolisGrids/ML_grids/20210217.txt,1.0
402,2021,02,17,66,960,0.248723076923077,0.295433333333333,0.354959677419355,0.424822,0.499038461538462,../data/AeolisGrids/ML_grids/20210217.txt,1.0
403,2021,02,17,69,960,0.240092307692308,0.284923913043478,0.345406896551724,0.41672,0.48985,../data/AeolisGrids/ML_grids/20210217.txt,1.0
404,2021,02,17,72,960,0.216771428571429,0.251576923076923,0.29905,0.363071428571429,0.460088571428571,../data/AeolisGrids/ML_grids/20210217.txt,1.0
405,2021,02,17,75,960,0.255941818181818,0.3076575,0.37739,0.477742307692308,1.30873,../data/AeolisGrids/ML_grids/20210217.txt,2.0
406,2021,02,17,78,960,0.23281,0.29381875,0.399285294117647,0.583893181818182,0.852133333333333,../data/AeolisGrids/ML_grids/20210217.txt,1.0
407,2021,02,17,81,960,0.220878571428571,0.261517391304348,0.31713,0.385120454545455,0.467755,../data/AeolisGrids/ML_grids/20210217.txt,1.0
408,2021,02,17,84,960,0.230833333333333,0.28195,0.3553125,0.45934375,0.61065,../data/AeolisGrids/ML_grids/20210217.txt,1.0
409,2021,02,17,87,960,0.237784615384615,0.284022727272727,0.349394444444444,0.435945,0.552725,../data/AeolisGrids/ML_grids/20210217.txt,1.0
410,2021,02,17,90,960,0.247075,0.29812,0.372354,0.472461111111111,0.612507142857143,../data/AeolisGrids/ML_grids/20210217.txt,3.0
411,2021,02,23,60,960,0.183075,0.236526470588235,0.297212962962963,0.36125,0.424771428571429,../data/AeolisGrids/ML_grids/20210223.txt,0.0
412,2021,02,23,63,960,0.260677272727273,0.31845,0.392598148148148,0.47674375,0.566992307692308,../data/AeolisGrids/ML_grids/20210223.txt,1.0
413,2021,02,23,66,960,0.26505,0.32491,0.404867307692308,0.498652173913044,0.602183333333333,../data/AeolisGrids/ML_grids/20210223.txt,1.0
414,2021,02,23,69,960,0.234925,0.279431818181818,0.341771428571429,0.4162875,0.494264285714286,../data/AeolisGrids/ML_grids/20210223.txt,1.0
415,2021,02,23,72,960,0.223946153846154,0.267722727272727,0.33215,0.417994736842105,0.52578125,../data/AeolisGrids/ML_grids/20210223.txt,1.0
416,2021,02,23,75,960,0.258676875,0.34076,0.45108375,0.730765,1.074265,../data/AeolisGrids/ML_grids/20210223.txt,2.0
417,2021,02,23,78,960,0.2798075,0.374485576923077,0.535334615384615,0.788711666666667,0.999918181818182,../data/AeolisGrids/ML_grids/20210223.txt,2.0
418,2021,02,23,81,960,0.28535,0.373881730769231,0.5317,0.796319444444445,1.155985625,../data/AeolisGrids/ML_grids/20210223.txt,2.0
419,2021,02,23,84,960,0.280492222222222,0.359910714285714,0.488705555555556,0.644021875,0.79567,../data/AeolisGrids/ML_grids/20210223.txt,2.0
420,2021,02,23,87,960,0.30927,0.4062375,0.589978571428572,0.8620625,1.206904,../data/AeolisGrids/ML_grids/20210223.txt,2.0
421,2021,02,23,90,960,0.246109090909091,0.301055263157895,0.381083333333333,0.485844444444444,0.612094444444444,../data/AeolisGrids/ML_grids/20210223.txt,2.0
422,2021,03,11,60,960,0.1977,0.256294117647059,0.320560344827586,0.383321428571429,0.4433375,../data/AeolisGrids/ML_grids/20210311.txt,
423,2021,03,11,63,960,0.264080769230769,0.319041304347826,0.390370689655172,0.468448148148148,0.545983333333333,../data/AeolisGrids/ML_grids/20210311.txt,
424,2021,03,11,66,960,0.28675,0.359926470588235,0.467038636363636,0.59795,0.73612,../data/AeolisGrids/ML_grids/20210311.txt,
425,2021,03,11,69,960,0.241983333333333,0.291935,0.364004,0.45285,0.55097,../data/AeolisGrids/ML_grids/20210311.txt,
426,2021,03,11,72,960,0.261712222222222,0.3431,0.587321428571429,1.12545192307692,1.47321384615385,../data/AeolisGrids/ML_grids/20210311.txt,
427,2021,03,11,75,960,0.296215714285714,0.4093725,0.65955,1.145225,1.58322833333333,../data/AeolisGrids/ML_grids/20210311.txt,
428,2021,03,11,78,960,0.242655,0.305306617647059,0.401925,0.55199375,0.86130625,../data/AeolisGrids/ML_grids/20210311.txt,
429,2021,03,11,81,960,0.241,0.296466666666667,0.378204545454545,0.492103125,0.69193,../data/AeolisGrids/ML_grids/20210311.txt,
430,2021,03,11,84,960,0.218957692307692,0.26477,0.334602173913044,0.43185,0.5649,../data/AeolisGrids/ML_grids/20210311.txt,
431,2021,03,11,87,960,0.195797142857143,0.232339772727273,0.2875125,0.3669875,0.473805714285714,../data/AeolisGrids/ML_grids/20210311.txt,
432,2021,03,11,90,960,0.1881,0.223389772727273,0.27785,0.364055,0.509066666666667,../data/AeolisGrids/ML_grids/20210311.txt,
433,2021,03,11,93,960,0.220688,0.277366666666667,0.381607142857143,0.67736875,1.4582425,../data/AeolisGrids/ML_grids/20210311.txt,
434,2021,03,18,60,960,0.228346153846154,0.273710869565217,0.326432857142857,0.378556451612903,0.429441176470588,../data/AeolisGrids/ML_grids/20210318.txt,
435,2021,03,18,63,960,0.241775,0.3102375,0.406454347826087,0.504625,0.591336666666667,../data/AeolisGrids/ML_grids/20210318.txt,
436,2021,03,18,66,960,0.239672727272727,0.297591176470588,0.382663043478261,0.486326315789474,0.607827777777778,../data/AeolisGrids/ML_grids/20210318.txt,
437,2021,03,18,69,960,0.26442,0.35859375,0.547414583333333,0.898828125,1.3,../data/AeolisGrids/ML_grids/20210318.txt,
438,2021,03,18,72,960,0.320975714285714,0.4364,0.6179625,0.90438,1.261283,../data/AeolisGrids/ML_grids/20210318.txt,
439,2021,03,18,75,960,0.279074444444444,0.358203125,0.461426086956522,0.589561764705882,0.752722,../data/AeolisGrids/ML_grids/20210318.txt,
440,2021,03,18,78,960,0.231641666666667,0.279168181818182,0.345333333333333,0.423452173913043,0.512309090909091,../data/AeolisGrids/ML_grids/20210318.txt,
441,2021,03,18,81,960,0.228292857142857,0.273864285714286,0.341216,0.430333333333333,0.544711111111111,../data/AeolisGrids/ML_grids/20210318.txt,
442,2021,03,18,84,960,0.222466666666667,0.266704545454545,0.329230769230769,0.408985714285714,0.500727272727273,../data/AeolisGrids/ML_grids/20210318.txt,
443,2021,03,18,87,960,0.27267,0.34505,0.445247826086957,0.56269,0.691340909090909,../data/AeolisGrids/ML_grids/20210318.txt,
444,2021,03,23,60,960,0.2411,0.29595,0.3605,0.42821,0.503561538461539,../data/AeolisGrids/ML_grids/20210323.txt,
445,2021,03,23,63,960,0.278894,0.350279166666667,0.453381818181818,0.5859375,0.743232222222222,../data/AeolisGrids/ML_grids/20210323.txt,
446,2021,03,23,66,960,0.204296153846154,0.244828571428571,0.307082608695652,0.390326315789474,0.48573,../data/AeolisGrids/ML_grids/20210323.txt,
447,2021,03,23,69,960,0.211011538461538,0.2528,0.31625,0.409265625,0.5615,../data/AeolisGrids/ML_grids/20210323.txt,
448,2021,03,23,72,960,0.226016666666667,0.27435,0.351411363636364,0.473892307692308,0.66185,../data/AeolisGrids/ML_grids/20210323.txt,
449,2021,03,23,75,960,0.23447125,0.282318181818182,0.349258333333333,0.43423875,0.5441895,../data/AeolisGrids/ML_grids/20210323.txt,
450,2021,03,23,78,960,0.22285,0.266195454545455,0.327903846153846,0.4076625,0.519328571428572,../data/AeolisGrids/ML_grids/20210323.txt,
451,2021,03,23,81,960,0.223215384615385,0.268183333333333,0.3362625,0.43583125,0.59795,../data/AeolisGrids/ML_grids/20210323.txt,
452,2021,03,30,60,960,0.229055,0.28525,0.350075,0.42324375,0.5055,../data/AeolisGrids/ML_grids/20210330.txt,
453,2021,03,30,66,960,0.2374,0.293883333333333,0.38435,0.521675,0.68401,../data/AeolisGrids/ML_grids/20210330.txt,
454,2021,03,30,69,960,0.2248925,0.28271875,0.378305555555556,0.520534375,0.776685,../data/AeolisGrids/ML_grids/20210330.txt,
455,2021,03,30,72,960,0.24359,0.296105,0.369503846153846,0.45902619047619,0.565308,../data/AeolisGrids/ML_grids/20210330.txt,
456,2021,03,30,75,960,0.254528,0.318827777777778,0.411765909090909,0.53695,0.719778571428571,../data/AeolisGrids/ML_grids/20210330.txt,
457,2021,03,30,78,960,0.258645909090909,0.317321052631579,0.397409,0.50038125,0.623796666666667,../data/AeolisGrids/ML_grids/20210330.txt,
458,2021,03,30,81,960,0.226304545454545,0.2721,0.334581034482759,0.408684782608696,0.491254545454545,../data/AeolisGrids/ML_grids/20210330.txt,
459,2021,03,30,84,960,0.213407692307692,0.254518181818182,0.314896153846154,0.39212380952381,0.480131818181818,../data/AeolisGrids/ML_grids/20210330.txt,
460,2021,03,30,87,960,0.22285,0.266704545454545,0.329496153846154,0.407357142857143,0.495954545454545,../data/AeolisGrids/ML_grids/20210330.txt,
461,2021,03,30,90,960,0.225407692307692,0.269521428571429,0.33638,0.428370588235294,0.5498,../data/AeolisGrids/ML_grids/20210330.txt,
462,2021,03,30,93,960,0.221080769230769,0.265431818181818,0.335215217391304,0.435864705882353,0.56745,../data/AeolisGrids/ML_grids/20210330.txt,
463,2021,03,30,102,960,0.20658125,0.268783333333333,0.4162875,0.8474,1.45058,../data/AeolisGrids/ML_grids/20210330.txt,
464,2021,03,30,117,960,0.177461363636364,0.225304166666667,0.31471,0.460611363636364,0.69121,../data/AeolisGrids/ML_grids/20210330.txt,
465,2021,03,30,132,960,0.18374,0.232615,0.330557692307692,0.545710714285714,1.01795,../data/AeolisGrids/ML_grids/20210330.txt,
466,2021,03,30,147,960,0.149454615384615,0.17695,0.220968181818182,0.305986363636364,0.475655,../data/AeolisGrids/ML_grids/20210330.txt,
467,2021,03,30,162,960,0.13598,0.165761111111111,0.222236666666667,0.36295,0.6152,../data/AeolisGrids/ML_grids/20210330.txt,
468,2021,03,30,177,960,0.1896,0.249640384615385,0.364486538461538,0.573069444444445,0.870109,../data/AeolisGrids/ML_grids/20210330.txt,
469,2021,03,30,192,960,0.173922727272727,0.21825,0.303585714285714,0.455981818181818,0.66885,../data/AeolisGrids/ML_grids/20210330.txt,
470,2021,03,30,222,960,0.1403275,0.167860227272727,0.213164473684211,0.388533928571429,0.6378625,../data/AeolisGrids/ML_grids/20210330.txt,
471,2021,03,30,252,960,0.102770769230769,0.122872727272727,0.151125,0.191223529411765,0.299896666666667,../data/AeolisGrids/ML_grids/20210330.txt,
472,2021,04,06,60,960,0.177783333333333,0.2276,0.285861111111111,0.3506875,0.415788461538462,../data/AeolisGrids/ML_grids/20210406.txt,
473,2021,04,06,63,960,0.2374,0.286178571428571,0.351468965517241,0.429278260869565,0.514416666666667,../data/AeolisGrids/ML_grids/20210406.txt,
474,2021,04,06,69,960,0.239990909090909,0.296208333333333,0.381511904761905,0.511467307692308,0.815421666666666,../data/AeolisGrids/ML_grids/20210406.txt,
475,2021,04,06,72,960,0.2328625,0.28525,0.3603125,0.455610526315789,0.572077777777778,../data/AeolisGrids/ML_grids/20210406.txt,
476,2021,04,06,75,960,0.31185,0.49675,1.09935,1.53220576923077,1.79227272727273,../data/AeolisGrids/ML_grids/20210406.txt,
477,2021,04,06,78,960,0.311706666666667,0.397075,0.5200325,0.7,0.902868,../data/AeolisGrids/ML_grids/20210406.txt,
478,2021,04,06,81,960,0.264159090909091,0.335675,0.4587375,0.66885,0.9197,../data/AeolisGrids/ML_grids/20210406.txt,
479,2021,04,06,84,960,0.295795,0.3991625,0.589092857142857,0.89115,1.23606444444444,../data/AeolisGrids/ML_grids/20210406.txt,
480,2021,04,06,87,960,0.259190909090909,0.322605555555556,0.42435,0.62805,0.979525,../data/AeolisGrids/ML_grids/20210406.txt,
481,2021,04,16,60,960,0.2007,0.24856,0.307401724137931,0.369528,0.435,../data/AeolisGrids/ML_grids/20210416.txt,
482,2021,04,16,63,960,0.254461538461538,0.301336,0.361728125,0.434125,0.513730769230769,../data/AeolisGrids/ML_grids/20210416.txt,
483,2021,04,16,66,960,0.258835833333333,0.313665,0.395556818181818,0.534786363636364,0.980210000000001,../data/AeolisGrids/ML_grids/20210416.txt,
484,2021,04,16,69,960,0.249823846153846,0.297769565217391,0.362173275862069,0.441125543478261,0.528473636363636,../data/AeolisGrids/ML_grids/20210416.txt,
485,2021,04,16,72,960,0.23148,0.28375,0.371792105263158,0.512907692307692,0.71335,../data/AeolisGrids/ML_grids/20210416.txt,
486,2021,04,16,75,960,0.23855,0.3070125,0.466441666666667,0.9386078125,1.33489857142857,../data/AeolisGrids/ML_grids/20210416.txt,
487,2021,04,16,78,960,0.2478975,0.3392,0.601125,0.956427272727273,1.32568428571429,../data/AeolisGrids/ML_grids/20210416.txt,
488,2021,04,16,81,960,0.227081818181818,0.278977777777778,0.3631625,0.493019230769231,0.69314,../data/AeolisGrids/ML_grids/20210416.txt,
489,2021,04,16,84,960,0.224789583333333,0.275997222222222,0.3627375,0.534305555555556,0.862123,../data/AeolisGrids/ML_grids/20210416.txt,
490,2021,04,16,87,960,0.2194,0.270041666666667,0.3626,0.562161111111111,0.94515,../data/AeolisGrids/ML_grids/20210416.txt,
491,2021,04,21,60,960,0.1884,0.232921428571429,0.287403571428571,0.34793125,0.410520833333333,../data/AeolisGrids/ML_grids/20210421.txt,
492,2021,04,21,63,960,0.260296153846154,0.31515,0.39811875,0.517488235294118,0.65449,../data/AeolisGrids/ML_grids/20210421.txt,
493,2021,04,21,66,960,0.234772692307692,0.280156818181818,0.346841,0.44463828125,0.63641,../data/AeolisGrids/ML_grids/20210421.txt,
494,2021,04,21,69,960,0.243790909090909,0.29905,0.376095833333333,0.477014705882353,0.618078571428572,../data/AeolisGrids/ML_grids/20210421.txt,
495,2021,04,21,72,960,0.29409,0.384483333333333,0.523285294117647,0.71185,0.9303375,../data/AeolisGrids/ML_grids/20210421.txt,
496,2021,04,21,75,960,0.26256,0.32663,0.44683125,0.76935,1.48449,../data/AeolisGrids/ML_grids/20210421.txt,
497,2021,04,21,78,960,0.2625055,0.33270078125,0.46383,0.743046875,1.15101416666667,../data/AeolisGrids/ML_grids/20210421.txt,
498,2021,04,21,81,960,0.295144,0.36603125,0.465870652173913,0.591913157894737,0.735049,../data/AeolisGrids/ML_grids/20210421.txt,
499,2021,04,21,84,960,0.298244,0.376875,0.5031375,0.6727421875,0.910877142857143,../data/AeolisGrids/ML_grids/20210421.txt,
500,2021,04,21,87,960,0.282816666666667,0.378583333333333,0.547128333333333,0.796656818181818,1.134326875,../data/AeolisGrids/ML_grids/20210421.txt,
501,2021,04,28,60,960,0.195953333333333,0.223269117647059,0.255242857142857,0.292110606060606,0.33356,../data/AeolisGrids/ML_grids/20210428.txt,
502,2021,04,28,63,960,0.249973333333333,0.292606,0.351545,0.43276,0.53723,../data/AeolisGrids/ML_grids/20210428.txt,
503,2021,04,28,66,960,0.245420769230769,0.289733695652174,0.349600806451613,0.423176704545455,0.514381,../data/AeolisGrids/ML_grids/20210428.txt,
504,2021,04,28,69,960,0.26256,0.321134210526316,0.405525,0.52755,0.79233,../data/AeolisGrids/ML_grids/20210428.txt,
505,2021,04,28,72,960,0.265126363636364,0.3339125,0.444919736842105,0.606794642857143,0.9010725,../data/AeolisGrids/ML_grids/20210428.txt,
506,2021,04,28,75,960,0.310156875,0.4384234375,0.8202675,1.21699926470588,1.5226945,../data/AeolisGrids/ML_grids/20210428.txt,
507,2021,04,28,78,960,0.303090909090909,0.373031578947368,0.479435714285714,0.63685,0.817695,../data/AeolisGrids/ML_grids/20210428.txt,
508,2021,04,28,81,960,0.28075,0.337857142857143,0.41845,0.528394444444445,0.665716666666667,../data/AeolisGrids/ML_grids/20210428.txt,
509,2021,04,28,84,960,0.256138181818182,0.3179,0.407197826086957,0.523607352941176,0.667596666666667,../data/AeolisGrids/ML_grids/20210428.txt,
510,2021,04,28,87,960,0.242792307692308,0.29432619047619,0.368594,0.465894444444444,0.591061111111111,../data/AeolisGrids/ML_grids/20210428.txt,
511,2021,04,28,90,960,0.228719230769231,0.275477272727273,0.342944,0.429694736842105,0.52939,../data/AeolisGrids/ML_grids/20210428.txt,
512,2021,04,28,93,960,0.219361666666667,0.265583333333333,0.335675,0.4339828125,0.56313625,../data/AeolisGrids/ML_grids/20210428.txt,
513,2021,05,13,60,960,0.249946153846154,0.296725,0.353533823529412,0.413975862068966,0.47666,../data/AeolisGrids/ML_grids/20210513.txt,0.0
514,2021,05,13,63,960,0.28325,0.343657142857143,0.420281034482759,0.511336363636364,0.619316666666667,../data/AeolisGrids/ML_grids/20210513.txt,1.0
515,2021,05,13,66,960,0.262741666666667,0.31779,0.391994444444445,0.488494736842105,0.60684,../data/AeolisGrids/ML_grids/20210513.txt,1.0
516,2021,05,13,72,960,0.285659090909091,0.3511775,0.440313461538462,0.556573684210526,0.712975,../data/AeolisGrids/ML_grids/20210513.txt,2.0
517,2021,05,13,75,960,0.275055454545455,0.340147368421053,0.430860869565217,0.556015625,0.739743333333334,../data/AeolisGrids/ML_grids/20210513.txt,2.0
518,2021,05,13,78,960,0.259438636363636,0.318922222222222,0.410027631578947,0.586878571428572,1.11880833333333,../data/AeolisGrids/ML_grids/20210513.txt,1.0
519,2021,05,13,81,960,0.238828571428571,0.28075,0.337835483870968,0.403986,0.473946428571429,../data/AeolisGrids/ML_grids/20210513.txt,1.0
520,2021,05,13,84,960,0.219892857142857,0.261833333333333,0.325526,0.4076625,0.499772727272727,../data/AeolisGrids/ML_grids/20210513.txt,1.0
521,2021,05,13,87,960,0.209561764705882,0.242777777777778,0.29041,0.35375,0.4273,../data/AeolisGrids/ML_grids/20210513.txt,1.0
522,2021,05,13,90,960,0.204342857142857,0.241095652173913,0.297314,0.37551052631579,0.465785,../data/AeolisGrids/ML_grids/20210513.txt,1.0
523,2021,05,20,60,960,0.234111785714286,0.272922115384615,0.320811111111111,0.373152083333333,0.425894411764706,../data/AeolisGrids/ML_grids/20210520.txt,0.0
524,2021,05,20,63,960,0.251475,0.306014285714286,0.378527777777778,0.465269047619048,0.56983,../data/AeolisGrids/ML_grids/20210520.txt,1.0
525,2021,05,20,66,960,0.250720769230769,0.301695833333333,0.374623958333333,0.476464583333333,0.607968888888889,../data/AeolisGrids/ML_grids/20210520.txt,1.0
526,2021,05,20,69,960,0.28525,0.356066176470588,0.4621325,0.630503846153846,0.856315,../data/AeolisGrids/ML_grids/20210520.txt,2.0
527,2021,05,20,72,960,0.260016666666667,0.31913,0.407357142857143,0.547157692307692,0.757921428571429,../data/AeolisGrids/ML_grids/20210520.txt,2.0
528,2021,05,20,75,960,0.260296153846154,0.31305,0.383892857142857,0.477294736842105,0.6027125,../data/AeolisGrids/ML_grids/20210520.txt,2.0
529,2021,05,20,78,960,0.26575,0.321935,0.401076041666667,0.522727884615385,0.782933333333333,../data/AeolisGrids/ML_grids/20210520.txt,2.0
530,2021,05,20,81,960,0.265788181818182,0.328508333333333,0.426415,0.574701785714286,0.804623333333334,../data/AeolisGrids/ML_grids/20210520.txt,1.0
531,2021,05,20,84,960,0.265940909090909,0.3278375,0.419455681818182,0.568689583333333,0.86584375,../data/AeolisGrids/ML_grids/20210520.txt,1.0
532,2021,05,20,87,960,0.235255,0.282607142857143,0.351488461538462,0.439077631578947,0.546237777777778,../data/AeolisGrids/ML_grids/20210520.txt,1.0
533,2021,05,20,90,960,0.302330833333333,0.42530875,0.659759090909091,1.10032291666667,1.58174611111111,../data/AeolisGrids/ML_grids/20210520.txt,2.0
534,2021,05,26,60,960,0.2399,0.279857692307692,0.327674324324324,0.377719696969697,0.425436842105263,../data/AeolisGrids/ML_grids/20210526.txt,0.0
535,2021,05,26,63,960,0.250761538461539,0.296725,0.35775,0.433630434782609,0.523168181818182,../data/AeolisGrids/ML_grids/20210526.txt,1.0
536,2021,05,26,66,960,0.251033333333333,0.301359090909091,0.370935185185185,0.458495,0.565466666666667,../data/AeolisGrids/ML_grids/20210526.txt,1.0
537,2021,05,26,69,960,0.24115,0.290235714285714,0.361556,0.462517647058824,0.61065,../data/AeolisGrids/ML_grids/20210526.txt,2.0
538,2021,05,26,72,960,0.26038,0.334919642857143,0.485636363636364,0.814071875,1.20589,../data/AeolisGrids/ML_grids/20210526.txt,2.0
539,2021,05,26,75,960,0.3070125,0.398302941176471,0.501,0.603770833333333,0.716895454545455,../data/AeolisGrids/ML_grids/20210526.txt,2.0
540,2021,05,26,78,960,0.2721,0.332485714285714,0.412889285714286,0.502760869565218,0.606031818181818,../data/AeolisGrids/ML_grids/20210526.txt,1.0
541,2021,05,26,81,960,0.259038461538462,0.312478571428571,0.389504166666667,0.507969230769231,0.69685,../data/AeolisGrids/ML_grids/20210526.txt,1.0
542,2021,05,26,84,960,0.269725,0.325907142857143,0.406182692307692,0.511131578947368,0.63685,../data/AeolisGrids/ML_grids/20210526.txt,1.0
543,2021,05,26,87,960,0.26645,0.321231818181818,0.398680769230769,0.495,0.604877272727273,../data/AeolisGrids/ML_grids/20210526.txt,1.0
544,2021,05,26,90,960,0.244585714285714,0.292269047619048,0.36539375,0.472803125,0.631192857142857,../data/AeolisGrids/ML_grids/20210526.txt,1.0
545,2021,06,21,60,960,0.2093,0.248723076923077,0.293185135135135,0.33968,0.3867875,../data/AeolisGrids/ML_grids/20210621.txt,0.0
546,2021,06,21,66,960,0.25325,0.306014285714286,0.377935185185185,0.471539473684211,0.58555,../data/AeolisGrids/ML_grids/20210621.txt,1.0
547,2021,06,21,69,960,0.2374,0.289960526315789,0.36794375,0.48001,0.658975,../data/AeolisGrids/ML_grids/20210621.txt,1.0
548,2021,06,21,72,960,0.220726923076923,0.264922727272727,0.328434615384615,0.408171428571429,0.4992,../data/AeolisGrids/ML_grids/20210621.txt,1.0
549,2021,06,21,75,960,0.214096153846154,0.2546,0.30798,0.372170833333333,0.446509090909091,../data/AeolisGrids/ML_grids/20210621.txt,1.0
550,2021,06,21,78,960,0.220340909090909,0.265783333333333,0.330425,0.426035714285714,0.63685,../data/AeolisGrids/ML_grids/20210621.txt,1.0
551,2021,06,21,81,960,0.225872727272727,0.270545454545455,0.330917857142857,0.403581818181818,0.486572727272727,../data/AeolisGrids/ML_grids/20210621.txt,1.0
552,2021,06,21,84,960,0.211154166666667,0.253034782608696,0.310416666666667,0.381113636363636,0.458627272727273,../data/AeolisGrids/ML_grids/20210621.txt,1.0
553,2021,06,21,87,960,0.22589,0.280238235294118,0.370208333333333,0.511822727272727,0.88745,../data/AeolisGrids/ML_grids/20210621.txt,1.0
554,2021,06,21,90,960,0.195133333333333,0.235985714285714,0.291207692307692,0.360892857142857,0.4343,../data/AeolisGrids/ML_grids/20210621.txt,1.0
555,2021,07,01,60,960,0.176127777777778,0.21675,0.263122580645161,0.314642307692308,0.365553125,../data/AeolisGrids/ML_grids/20210701.txt,0.0
556,2021,07,01,63,960,0.259876923076923,0.310384090909091,0.377025862068966,0.456422727272727,0.547718181818182,../data/AeolisGrids/ML_grids/20210701.txt,1.0
557,2021,07,01,66,960,0.249282727272727,0.303256875,0.37825,0.476185416666667,0.60318875,../data/AeolisGrids/ML_grids/20210701.txt,1.0
558,2021,07,01,69,960,0.245856666666667,0.3078725,0.405525,0.565015909090909,0.825993,../data/AeolisGrids/ML_grids/20210701.txt,2.0
559,2021,07,01,72,960,0.226304545454545,0.27495,0.338696428571429,0.415304545454546,0.499375,../data/AeolisGrids/ML_grids/20210701.txt,2.0
560,2021,07,01,75,960,0.238763636363636,0.291107142857143,0.3575,0.437280952380952,0.53499,../data/AeolisGrids/ML_grids/20210701.txt,2.0
561,2021,07,01,78,960,0.22009,0.27153,0.3401,0.441333333333333,0.63025,../data/AeolisGrids/ML_grids/20210701.txt,2.0
562,2021,07,01,81,960,0.21555,0.261420454545455,0.322983333333333,0.40305,0.525325,../data/AeolisGrids/ML_grids/20210701.txt,2.0
563,2021,07,01,84,960,0.246763333333333,0.319016666666667,0.458217857142857,0.7357375,1.1005175,../data/AeolisGrids/ML_grids/20210701.txt,2.0
564,2021,07,01,87,960,0.213432142857143,0.250353846153846,0.297773529411765,0.349948275862069,0.403692857142857,../data/AeolisGrids/ML_grids/20210701.txt,2.0
565,2021,07,01,90,960,0.249708333333333,0.301469047619048,0.369170689655172,0.443159615384615,0.51419375,../data/AeolisGrids/ML_grids/20210701.txt,2.0
566,2021,07,01,93,960,0.29905,0.370769047619048,0.449372727272727,0.52915,0.608408823529412,../data/AeolisGrids/ML_grids/20210701.txt,1.0
567,2021,07,01,96,960,0.255745454545455,0.31548,0.391692592592593,0.47465,0.558157142857143,../data/AeolisGrids/ML_grids/20210701.txt,1.0
568,2021,07,01,99,960,0.23515,0.287055,0.36156875,0.486416666666667,0.72235,../data/AeolisGrids/ML_grids/20210701.txt,1.0
569,2021,07,08,60,960,0.208367857142857,0.242966666666667,0.287826470588235,0.338025,0.38801,../data/AeolisGrids/ML_grids/20210708.txt,0.0
570,2021,07,08,63,960,0.256123076923077,0.3054,0.371877586206897,0.454689130434783,0.548845833333334,../data/AeolisGrids/ML_grids/20210708.txt,1.0
571,2021,07,08,66,960,0.255990909090909,0.309673125,0.38395,0.48176875,0.6195875,../data/AeolisGrids/ML_grids/20210708.txt,1.0
572,2021,07,08,69,960,0.266562,0.334430882352941,0.437373684210526,0.597507142857143,0.836254285714286,../data/AeolisGrids/ML_grids/20210708.txt,2.0
573,2021,07,08,72,960,0.264116666666667,0.320613636363636,0.39692037037037,0.489604761904762,0.595695454545455,../data/AeolisGrids/ML_grids/20210708.txt,2.0
574,2021,07,08,75,960,0.24546,0.294467391304348,0.357629310344828,0.437373684210526,0.568243333333333,../data/AeolisGrids/ML_grids/20210708.txt,2.0
575,2021,07,08,78,960,0.23695,0.288783333333333,0.356805555555556,0.4387125,0.53835,../data/AeolisGrids/ML_grids/20210708.txt,1.0
576,2021,07,08,81,960,0.217285714285714,0.256175,0.309848275862069,0.372982,0.438534615384615,../data/AeolisGrids/ML_grids/20210708.txt,1.0
577,2021,07,08,84,960,0.212723076923077,0.253034782608696,0.310655555555556,0.381619565217391,0.460758333333333,../data/AeolisGrids/ML_grids/20210708.txt,1.0
578,2021,07,08,87,960,0.216,0.262215789473684,0.331,0.412683333333333,0.495,../data/AeolisGrids/ML_grids/20210708.txt,1.0
579,2021,07,08,90,960,0.227168181818182,0.28296052631579,0.35915,0.440823913043478,0.523239285714286,../data/AeolisGrids/ML_grids/20210708.txt,1.0
580,2021,07,14,60,960,0.209608076923077,0.249079807692308,0.297077272727273,0.350823611111111,0.409250357142857,../data/AeolisGrids/ML_grids/20210714.txt,
581,2021,07,14,63,960,0.253185714285714,0.29905,0.362041379310345,0.443888095238095,0.545636363636364,../data/AeolisGrids/ML_grids/20210714.txt,
582,2021,07,14,66,960,0.262758181818182,0.31746,0.394904,0.503029411764706,0.67308,../data/AeolisGrids/ML_grids/20210714.txt,
583,2021,07,14,75,960,0.2564,0.310621428571429,0.380612068965517,0.463534782608696,0.560436363636364,../data/AeolisGrids/ML_grids/20210714.txt,
584,2021,07,14,78,960,0.252607272727273,0.303888095238095,0.373730769230769,0.470053333333333,0.69461,../data/AeolisGrids/ML_grids/20210714.txt,
585,2021,07,14,81,960,0.218168181818182,0.26256,0.3278375,0.415905882352941,0.573886,../data/AeolisGrids/ML_grids/20210714.txt,
586,2021,07,14,84,960,0.208597307692308,0.247333695652174,0.3038125,0.377486842105263,0.4688385,../data/AeolisGrids/ML_grids/20210714.txt,
587,2021,07,14,87,960,0.211154166666667,0.25621052631579,0.323346,0.4089,0.50871,../data/AeolisGrids/ML_grids/20210714.txt,
588,2021,07,14,90,960,0.21825,0.2753125,0.364892857142857,0.469984210526316,0.569738461538462,../data/AeolisGrids/ML_grids/20210714.txt,
589,2021,07,21,60,960,0.208367857142857,0.242015384615385,0.286204545454546,0.340064,0.398864285714286,../data/AeolisGrids/ML_grids/20210721.txt,0.0
590,2021,07,21,63,960,0.25015,0.295175,0.357887931034483,0.438602380952381,0.534277272727273,../data/AeolisGrids/ML_grids/20210721.txt,1.0
591,2021,07,21,66,960,0.266234615384615,0.319632608695652,0.392598148148148,0.488494736842105,0.60811,../data/AeolisGrids/ML_grids/20210721.txt,1.0
592,2021,07,21,69,960,0.241581818181818,0.296276315789474,0.379416666666667,0.524661363636364,0.928063333333333,../data/AeolisGrids/ML_grids/20210721.txt,2.0
593,2021,07,21,72,960,0.263005909090909,0.319454545454545,0.395219444444444,0.487029761904762,0.599784444444445,../data/AeolisGrids/ML_grids/20210721.txt,2.0
594,2021,07,21,75,960,0.231832727272727,0.281010869565217,0.341931034482759,0.413184782608696,0.495381818181818,../data/AeolisGrids/ML_grids/20210721.txt,1.0
595,2021,07,21,78,960,0.227820454545455,0.275391304347826,0.3353225,0.405803804347826,0.490365,../data/AeolisGrids/ML_grids/20210721.txt,1.0
596,2021,07,21,81,960,0.26477,0.3367765625,0.4648,0.76235,1.25229,../data/AeolisGrids/ML_grids/20210721.txt,1.0
597,2021,07,21,84,960,0.220044,0.276128125,0.385089583333333,0.781575,1.312042,../data/AeolisGrids/ML_grids/20210721.txt,1.0
598,2021,07,30,60,960,0.2074875,0.247712,0.299487931034483,0.364379545454545,0.44195,../data/AeolisGrids/ML_grids/20210730.txt,
599,2021,07,30,63,960,0.243694615384615,0.289733695652174,0.3516675,0.427610227272727,0.511474166666667,../data/AeolisGrids/ML_grids/20210730.txt,
600,2021,07,30,66,960,0.259880416666667,0.313657142857143,0.3867875,0.4821875,0.612527777777778,../data/AeolisGrids/ML_grids/20210730.txt,
601,2021,07,30,69,960,0.252077272727273,0.308221875,0.389533695652174,0.508748214285714,0.72085,../data/AeolisGrids/ML_grids/20210730.txt,
602,2021,07,30,72,960,0.261172727272727,0.322565789473684,0.408313043478261,0.525539705882353,0.690592857142857,../data/AeolisGrids/ML_grids/20210730.txt,
603,2021,07,30,75,960,0.257784615384615,0.3054,0.366509375,0.441795833333333,0.539622222222222,../data/AeolisGrids/ML_grids/20210730.txt,
604,2021,07,30,78,960,0.241630769230769,0.28625,0.34544,0.41845,0.5055,../data/AeolisGrids/ML_grids/20210730.txt,
605,2021,07,30,81,960,0.21405,0.259367857142857,0.32525,0.4209390625,0.604935,../data/AeolisGrids/ML_grids/20210730.txt,
606,2021,07,30,84,960,0.241275,0.310928571428571,0.439957692307692,0.726721428571428,1.2071575,../data/AeolisGrids/ML_grids/20210730.txt,
607,2021,07,30,87,960,0.213345454545455,0.262741666666667,0.33538125,0.424505263157895,0.533372222222222,../data/AeolisGrids/ML_grids/20210730.txt,
608,2021,07,30,90,960,0.193278571428571,0.230465909090909,0.288020833333333,0.364471052631579,0.450804545454545,../data/AeolisGrids/ML_grids/20210730.txt,
609,2021,07,30,93,960,0.1679,0.196336,0.237058620689655,0.29285,0.359886363636364,../data/AeolisGrids/ML_grids/20210730.txt,
610,2021,08,06,60,960,0.232754615384615,0.277345652173913,0.33638,0.403473,0.475655,../data/AeolisGrids/ML_grids/20210806.txt,
611,2021,08,06,63,960,0.240581818181818,0.290235714285714,0.356160714285714,0.434745454545455,0.521253846153846,../data/AeolisGrids/ML_grids/20210806.txt,
612,2021,08,06,66,960,0.255254545454545,0.3108825,0.383564814814815,0.4751525,0.586927777777778,../data/AeolisGrids/ML_grids/20210806.txt,
613,2021,08,06,69,960,0.2356,0.290816666666667,0.374507142857143,0.50475,0.73765,../data/AeolisGrids/ML_grids/20210806.txt,
614,2021,08,06,72,960,0.2151,0.266597368421053,0.335946153846154,0.421105,0.52277,../data/AeolisGrids/ML_grids/20210806.txt,
615,2021,08,06,75,960,0.209102272727273,0.2565125,0.319626923076923,0.3949875,0.481502272727273,../data/AeolisGrids/ML_grids/20210806.txt,
616,2021,08,06,78,960,0.197792307692308,0.234925,0.28435,0.344384,0.407169230769231,../data/AeolisGrids/ML_grids/20210806.txt,
617,2021,08,06,81,960,0.191672727272727,0.230552173913043,0.28055,0.342017391304348,0.407826923076923,../data/AeolisGrids/ML_grids/20210806.txt,
618,2021,08,06,84,960,0.20582,0.251113636363636,0.307473214285714,0.37755,0.472461111111111,../data/AeolisGrids/ML_grids/20210806.txt,
619,2021,08,06,87,960,0.2069075,0.242859,0.291528333333333,0.3521421875,0.426254090909091,../data/AeolisGrids/ML_grids/20210806.txt,
620,2021,08,06,90,960,0.202007692307692,0.243559090909091,0.300864285714286,0.365075,0.4301,../data/AeolisGrids/ML_grids/20210806.txt,
621,2021,08,06,93,960,0.214159090909091,0.26178552631579,0.33245652173913,0.439097916666667,0.753350000000001,../data/AeolisGrids/ML_grids/20210806.txt,
622,2021,08,17,60,960,0.234217857142857,0.275646,0.330814516129032,0.394904,0.461335714285714,../data/AeolisGrids/ML_grids/20210817.txt,
623,2021,08,17,63,960,0.225042307692308,0.268486363636364,0.328453571428571,0.401638636363636,0.483025,../data/AeolisGrids/ML_grids/20210817.txt,
624,2021,08,17,66,960,0.240763636363636,0.2917825,0.362383333333333,0.45061125,0.56983,../data/AeolisGrids/ML_grids/20210817.txt,
625,2021,08,17,69,960,0.229459166666667,0.281855263157895,0.362342857142857,0.486680769230769,0.743145,../data/AeolisGrids/ML_grids/20210817.txt,
626,2021,08,17,72,960,0.262807727272727,0.325340789473684,0.42132625,0.583064772727273,0.871561,../data/AeolisGrids/ML_grids/20210817.txt,
627,2021,08,17,75,960,0.244525,0.293389130434783,0.35725,0.434817391304348,0.52939,../data/AeolisGrids/ML_grids/20210817.txt,
628,2021,08,17,78,960,0.201255769230769,0.23849375,0.288819642857143,0.3518359375,0.42235875,../data/AeolisGrids/ML_grids/20210817.txt,
629,2021,08,17,81,960,0.194108333333333,0.23245,0.282678571428571,0.345460869565217,0.414125,../data/AeolisGrids/ML_grids/20210817.txt,
630,2021,08,17,84,960,0.1986,0.238054761904762,0.296694,0.376867647058824,0.479675,../data/AeolisGrids/ML_grids/20210817.txt,
631,2021,08,17,87,960,0.213345454545455,0.26038,0.33035,0.426746875,0.57745,../data/AeolisGrids/ML_grids/20210817.txt,
632,2021,08,17,90,960,0.177094230769231,0.212804375,0.2739,0.39065875,0.7,../data/AeolisGrids/ML_grids/20210817.txt,
633,2021,08,20,60,960,0.2374,0.2815,0.340129032258065,0.408432,0.479675,../data/AeolisGrids/ML_grids/20210820.txt,
634,2021,08,20,63,960,0.216,0.258943181818182,0.318205555555556,0.391788636363636,0.470545833333333,../data/AeolisGrids/ML_grids/20210820.txt,
635,2021,08,20,66,960,0.223245833333333,0.27315,0.344,0.434963157894737,0.5571125,../data/AeolisGrids/ML_grids/20210820.txt,
636,2021,08,20,69,960,0.239854545454545,0.296811111111111,0.382464285714286,0.52486875,0.82634,../data/AeolisGrids/ML_grids/20210820.txt,
637,2021,08,20,72,960,0.246225,0.307771323529412,0.4062375,0.574228409090909,0.8560125,../data/AeolisGrids/ML_grids/20210820.txt,
638,2021,08,20,75,960,0.23596,0.284607142857143,0.350075,0.432716666666667,0.550134285714286,../data/AeolisGrids/ML_grids/20210820.txt,
639,2021,08,20,78,960,0.210253571428571,0.249708333333333,0.302553448275862,0.365075,0.4329,../data/AeolisGrids/ML_grids/20210820.txt,
640,2021,08,20,81,960,0.197645454545455,0.240019047619048,0.296983333333333,0.367161363636364,0.44754,../data/AeolisGrids/ML_grids/20210820.txt,
641,2021,08,20,84,960,0.2064,0.250528571428571,0.313119230769231,0.38964,0.477665,../data/AeolisGrids/ML_grids/20210820.txt,
642,2021,08,20,87,960,0.179575,0.220340909090909,0.270094444444444,0.3295625,0.392220833333333,../data/AeolisGrids/ML_grids/20210820.txt,
643,2021,08,20,90,960,0.203533333333333,0.24597,0.3091625,0.385914285714286,0.466590909090909,../data/AeolisGrids/ML_grids/20210820.txt,
644,2021,08,20,93,960,0.197146153846154,0.240455555555556,0.318827777777778,0.452522727272727,0.66697,../data/AeolisGrids/ML_grids/20210820.txt,
645,2021,08,27,60,960,0.216173076923077,0.2555,0.30841,0.372354,0.438534615384615,../data/AeolisGrids/ML_grids/20210827.txt,
646,2021,08,27,63,960,0.2089375,0.250034782608696,0.307788888888889,0.380022727272727,0.461272727272727,../data/AeolisGrids/ML_grids/20210827.txt,
647,2021,08,27,66,960,0.277028333333333,0.3374375,0.422490217391304,0.5446475,0.730437142857143,../data/AeolisGrids/ML_grids/20210827.txt,
648,2021,08,27,69,960,0.236905,0.290522368421053,0.370777173913044,0.48360078125,0.672892,../data/AeolisGrids/ML_grids/20210827.txt,
649,2021,08,27,72,960,0.24648,0.303896052631579,0.390571428571429,0.525886538461538,0.753883333333333,../data/AeolisGrids/ML_grids/20210827.txt,
650,2021,08,27,75,960,0.248383333333333,0.299627272727273,0.366441071428571,0.44925,0.5563,../data/AeolisGrids/ML_grids/20210827.txt,
651,2021,08,27,78,960,0.193174444444444,0.2518890625,0.326034090909091,0.429925,0.7011025,../data/AeolisGrids/ML_grids/20210827.txt,
652,2021,08,27,81,960,0.196690909090909,0.2403375,0.298930769230769,0.373961184210526,0.473008333333333,../data/AeolisGrids/ML_grids/20210827.txt,
653,2021,09,03,60,960,0.224546428571429,0.26575,0.322303333333333,0.389504166666667,0.463991666666667,../data/AeolisGrids/ML_grids/20210903.txt,
654,2021,09,03,63,960,0.261553846153846,0.310167391304348,0.374918333333333,0.45391875,0.542166666666667,../data/AeolisGrids/ML_grids/20210903.txt,
655,2021,09,03,66,960,0.252358333333333,0.303888095238095,0.376448076923077,0.472057894736842,0.6027125,../data/AeolisGrids/ML_grids/20210903.txt,
656,2021,09,03,69,960,0.23281,0.288613888888889,0.372264285714286,0.4998125,0.73306,../data/AeolisGrids/ML_grids/20210903.txt,
657,2021,09,03,72,960,0.244797,0.303724305555556,0.388436904761905,0.513716071428572,0.748901666666667,../data/AeolisGrids/ML_grids/20210903.txt,
658,2021,09,03,75,960,0.226016666666667,0.28575,0.36539375,0.468276470588235,0.601125,../data/AeolisGrids/ML_grids/20210903.txt,
659,2021,09,03,78,960,0.21763125,0.277252941176471,0.355869565217391,0.456954411764706,0.58927,../data/AeolisGrids/ML_grids/20210903.txt,
660,2021,09,03,81,960,0.20843,0.254857142857143,0.317180769230769,0.389565909090909,0.466441666666667,../data/AeolisGrids/ML_grids/20210903.txt,
661,2021,09,03,84,960,0.17285,0.214607142857143,0.262522413793104,0.319377272727273,0.385565,../data/AeolisGrids/ML_grids/20210903.txt,
662,2021,09,03,87,960,0.207292307692308,0.2455875,0.296983333333333,0.360271739130435,0.441538888888889,../data/AeolisGrids/ML_grids/20210903.txt,
663,2021,09,03,90,960,0.201914285714286,0.240495238095238,0.298058,0.38475,0.5498,../data/AeolisGrids/ML_grids/20210903.txt,
664,2021,09,03,93,960,0.19486,0.233628571428571,0.293977272727273,0.389138461538462,0.6113,../data/AeolisGrids/ML_grids/20210903.txt,
665,2021,09,13,60,960,0.217022727272727,0.260429545454545,0.320716666666667,0.395285714285714,0.486988888888889,../data/AeolisGrids/ML_grids/20210913.txt,
666,2021,09,13,63,960,0.1744525,0.239542857142857,0.317302173913043,0.40395,0.5100475,../data/AeolisGrids/ML_grids/20210913.txt,
667,2021,09,13,66,960,0.220221428571429,0.2947875,0.382568181818182,0.507969230769231,0.73255,../data/AeolisGrids/ML_grids/20210913.txt,
668,2021,09,13,69,960,0.18801,0.237334868421053,0.294342592592593,0.358722826086957,0.4279825,../data/AeolisGrids/ML_grids/20210913.txt,
669,2021,09,13,72,960,0.225225,0.270545454545455,0.333455555555556,0.42176875,0.5600375,../data/AeolisGrids/ML_grids/20210913.txt,
670,2021,09,13,75,960,0.218674615384615,0.26242375,0.331492857142857,0.438178846153846,0.64981,../data/AeolisGrids/ML_grids/20210913.txt,
671,2021,09,13,78,960,0.20359,0.2497525,0.317876086956522,0.424236538461538,0.624178,../data/AeolisGrids/ML_grids/20210913.txt,
672,2021,09,13,81,960,0.2330275,0.2824,0.356358695652174,0.464476666666667,0.64927,../data/AeolisGrids/ML_grids/20210913.txt,
673,2021,09,24,60,960,0.18727875,0.2384625,0.294067857142857,0.360823863636364,0.448065,../data/AeolisGrids/ML_grids/20210924.txt,
674,2021,09,24,63,960,0.1737125,0.237046428571429,0.31185,0.3929,0.498,../data/AeolisGrids/ML_grids/20210924.txt,
675,2021,09,24,66,960,0.191828571428571,0.2565125,0.32985,0.41326,0.5162,../data/AeolisGrids/ML_grids/20210924.txt,
676,2021,09,24,69,960,0.201597222222222,0.253865789473684,0.318842307692308,0.397179375,0.49906875,../data/AeolisGrids/ML_grids/20210924.txt,
677,2021,09,24,72,960,0.2007,0.240008695652174,0.290115517241379,0.353430434782609,0.437427777777778,../data/AeolisGrids/ML_grids/20210924.txt,
678,2021,09,24,75,960,0.225042307692308,0.265373076923077,0.317172580645161,0.378416666666667,0.450375,../data/AeolisGrids/ML_grids/20210924.txt,
679,2021,09,24,78,960,0.239323076923077,0.284663043478261,0.347975,0.430173684210526,0.54264375,../data/AeolisGrids/ML_grids/20210924.txt,
680,2021,09,24,81,960,0.223909615384615,0.266267391304348,0.326911111111111,0.4081125,0.520443125,../data/AeolisGrids/ML_grids/20210924.txt,
681,2021,09,30,60,960,0.1965,0.226016666666667,0.261274358974359,0.301034375,0.341741176470588,../data/AeolisGrids/ML_grids/20210930.txt,0.0
682,2021,09,30,63,960,0.23425,0.28325,0.338370588235294,0.401592,0.477390909090909,../data/AeolisGrids/ML_grids/20210930.txt,1.0
683,2021,09,30,66,960,0.155336111111111,0.210614772727273,0.298585,0.385995138888889,0.4833935,../data/AeolisGrids/ML_grids/20210930.txt,1.0
684,2021,09,30,69,960,0.202521428571429,0.265626470588235,0.345090909090909,0.450375,0.59175,../data/AeolisGrids/ML_grids/20210930.txt,1.0
685,2021,09,30,72,960,0.207995,0.253378571428571,0.3180375,0.406656617647059,0.53243,../data/AeolisGrids/ML_grids/20210930.txt,1.0
686,2021,09,30,75,960,0.22285,0.263176086956522,0.31735,0.383083333333333,0.458333333333333,../data/AeolisGrids/ML_grids/20210930.txt,1.0
687,2021,09,30,78,960,0.210669230769231,0.25631,0.32675,0.42176875,0.545983333333333,../data/AeolisGrids/ML_grids/20210930.txt,1.0
688,2021,09,30,81,960,0.192673333333333,0.22475,0.270675,0.33638,0.41672,../data/AeolisGrids/ML_grids/20210930.txt,1.0
689,2021,09,30,84,960,0.191054545454545,0.233557236842105,0.305569736842105,0.4162875,0.612925,../data/AeolisGrids/ML_grids/20210930.txt,1.0
690,2021,10,08,60,960,0.233782692307692,0.276702083333333,0.333973275862069,0.4212525,0.69025,../data/AeolisGrids/ML_grids/20211008.txt,
691,2021,10,08,63,960,0.22193,0.276781578947368,0.35038125,0.442242105263158,0.55097,../data/AeolisGrids/ML_grids/20211008.txt,
692,2021,10,08,66,960,0.1826,0.2352,0.300982608695652,0.382644736842105,0.4859875,../data/AeolisGrids/ML_grids/20211008.txt,
693,2021,10,08,69,960,0.21208125,0.27075,0.338416666666667,0.414689130434783,0.499375,../data/AeolisGrids/ML_grids/20211008.txt,
694,2021,10,08,72,960,0.239066666666667,0.285967391304348,0.346653448275862,0.423277272727273,0.518633333333333,../data/AeolisGrids/ML_grids/20211008.txt,
695,2021,10,08,75,960,0.260470833333333,0.311008695652174,0.375441666666667,0.4551,0.547891666666667,../data/AeolisGrids/ML_grids/20211008.txt,
696,2021,10,08,78,960,0.26785,0.32525,0.403880769230769,0.506094444444445,0.65035,../data/AeolisGrids/ML_grids/20211008.txt,
697,2021,10,08,81,960,0.22285,0.265283333333333,0.323608620689655,0.396478571428571,0.483786363636364,../data/AeolisGrids/ML_grids/20211008.txt,
698,2021,10,08,84,960,0.224063888888889,0.289908928571429,0.392673611111111,0.538134615384615,0.768664285714286,../data/AeolisGrids/ML_grids/20211008.txt,
699,2021,10,08,87,960,0.201472727272727,0.248677777777778,0.320069047619048,0.4273,0.63421,../data/AeolisGrids/ML_grids/20211008.txt,
700,2021,10,15,60,960,0.175940909090909,0.212266666666667,0.25415,0.303368,0.357211538461538,../data/AeolisGrids/ML_grids/20211015.txt,
701,2021,10,15,63,960,0.21286,0.26505,0.331874,0.417084210526316,0.53275,../data/AeolisGrids/ML_grids/20211015.txt,
702,2021,10,15,66,960,0.2582,0.310090909090909,0.380464285714286,0.468381818181818,0.566909090909091,../data/AeolisGrids/ML_grids/20211015.txt,
703,2021,10,15,69,960,0.29409,0.364068421052632,0.4611625,0.588467647058824,0.746372222222222,../data/AeolisGrids/ML_grids/20211015.txt,
704,2021,10,15,72,960,0.26365,0.31665,0.387466666666667,0.479675,0.593816666666667,../data/AeolisGrids/ML_grids/20211015.txt,
705,2021,10,15,75,960,0.256526,0.315757894736842,0.397596875,0.504770833333334,0.6415,../data/AeolisGrids/ML_grids/20211015.txt,
706,2021,10,15,78,960,0.23515,0.2955625,0.399394444444444,0.5498,0.744378571428571,../data/AeolisGrids/ML_grids/20211015.txt,
707,2021,10,15,81,960,0.204595833333333,0.247765,0.31755,0.413584375,0.53275,../data/AeolisGrids/ML_grids/20211015.txt,
708,2021,10,15,84,960,0.214125,0.258459523809524,0.323346,0.40296,0.4971,../data/AeolisGrids/ML_grids/20211015.txt,
709,2021,10,15,87,960,0.217840909090909,0.26561,0.33497,0.42171052631579,0.523865,../data/AeolisGrids/ML_grids/20211015.txt,
710,2021,10,22,60,960,0.188733333333333,0.227810869565217,0.276303333333333,0.33215,0.388242857142857,../data/AeolisGrids/ML_grids/20211022.txt,0.0
711,2021,10,22,63,960,0.208333333333333,0.25793,0.316174137931035,0.38175,0.454373076923077,../data/AeolisGrids/ML_grids/20211022.txt,1.0
712,2021,10,22,66,960,0.23695,0.291565789473684,0.371289130434783,0.477790625,0.612094444444444,../data/AeolisGrids/ML_grids/20211022.txt,1.0
713,2021,10,22,69,960,0.2528,0.312197368421053,0.395335416666667,0.504394736842105,0.63157,../data/AeolisGrids/ML_grids/20211022.txt,1.0
714,2021,10,22,72,960,0.27096,0.33154625,0.413944791666667,0.517158125,0.63529,../data/AeolisGrids/ML_grids/20211022.txt,1.0
715,2021,10,22,75,960,0.266898,0.334695833333333,0.430609090909091,0.563625,0.794835,../data/AeolisGrids/ML_grids/20211022.txt,1.0
716,2021,10,22,78,960,0.23785,0.298958823529412,0.395317105263158,0.539450961538462,0.81130125,../data/AeolisGrids/ML_grids/20211022.txt,1.0
717,2021,10,22,81,960,0.217431818181818,0.268005555555556,0.34295652173913,0.438032352941177,0.5537,../data/AeolisGrids/ML_grids/20211022.txt,1.0
718,2021,10,22,84,960,0.2060375,0.251475,0.316338,0.3949875,0.481959090909091,../data/AeolisGrids/ML_grids/20211022.txt,3.0
719,2021,10,22,87,960,0.224311538461538,0.27096,0.3464,0.488991666666667,0.66415,../data/AeolisGrids/ML_grids/20211022.txt,3.0
